STATION,LATITUDE,LONGITUDE,ELEVATION,DATE,AWND,PGTM,PRCP,SNOW,SNWD,TAVG,TMAX,TMIN,WDF2,WDF5,WSF2,WSF5,WT01,WT02,WT03,WT04,WT06,WT08
USW00094728,40.77898,-73.96925,42.7,01-01-16,7.61,,0,0,0,,42,34,290,300,17,25.9,,,,,,
USW00094728,40.77898,-73.96925,42.7,02-01-16,6.71,,0,0,0,,40,32,290,270,15,23,,,,,,
USW00094728,40.77898,-73.96925,42.7,03-01-16,7.83,,0,0,0,,45,35,270,240,17,25.9,,,,,,
USW00094728,40.77898,-73.96925,42.7,04-01-16,8.5,,0,0,0,,36,14,40,40,21,31.1,,,,,,
USW00094728,40.77898,-73.96925,42.7,05-01-16,5.14,,0,0,0,,29,11,10,20,19.9,30,,,,,,
USW00094728,40.77898,-73.96925,42.7,06-01-16,3.58,,0,0,0,,41,25,250,250,13,18.1,,,,,,
USW00094728,40.77898,-73.96925,42.7,07-01-16,2.46,,0,0,0,,46,31,260,,6.9,,,,,,,
USW00094728,40.77898,-73.96925,42.7,08-01-16,4.25,,0,0,0,,46,31,80,80,14.1,21,,,,,,
USW00094728,40.77898,-73.96925,42.7,09-01-16,8.05,,0,0,0,,47,40,70,80,15,19.9,1,,,,,1
USW00094728,40.77898,-73.96925,42.7,10-01-16,9.84,,1.8,0,0,,59,40,280,290,21.9,35.1,1,,,,,
USW00094728,40.77898,-73.96925,42.7,11-01-16,10.51,,0,0,0,,40,26,280,280,19.9,35.1,,,,,,
USW00094728,40.77898,-73.96925,42.7,12-01-16,6.04,,0,0,0,,44,25,290,280,21.9,35.1,,,,,,1
USW00094728,40.77898,-73.96925,42.7,13-01-16,9.84,,0,0,0,,30,22,280,260,21,35.1,,,,,,
USW00094728,40.77898,-73.96925,42.7,14-01-16,4.92,,0,0,0,,38,22,260,280,15,23,,,,,,1
USW00094728,40.77898,-73.96925,42.7,15-01-16,5.14,,0,0,0,,51,34,170,170,12.1,18.1,,,,,,
USW00094728,40.77898,-73.96925,42.7,16-01-16,6.71,,0.24,0,0,,52,42,310,270,15,21.9,1,,,,,1
USW00094728,40.77898,-73.96925,42.7,17-01-16,5.59,,0.05,0.4,0,,42,30,60,10,13,19,1,,,,,1
USW00094728,40.77898,-73.96925,42.7,18-01-16,11.86,,0,0,0,,31,18,290,280,21.9,35.1,,,,,,1
USW00094728,40.77898,-73.96925,42.7,19-01-16,10.96,,0,0,0,,28,16,280,280,19.9,34,,,,,,
USW00094728,40.77898,-73.96925,42.7,20-01-16,5.59,,0,0,0,,37,27,310,290,14.1,21.9,,,,,,
USW00094728,40.77898,-73.96925,42.7,21-01-16,6.04,,0,0,0,,36,26,310,10,15,23,,,,,,
USW00094728,40.77898,-73.96925,42.7,22-01-16,6.49,,0.01,0.2,0,,30,21,50,30,16.1,21.9,,,,,,1
USW00094728,40.77898,-73.96925,42.7,23-01-16,15.66,,2.31,27.3,5.9,,27,24,30,40,25.1,42.9,1,1,,,,1
USW00094728,40.77898,-73.96925,42.7,24-01-16,5.82,,0,0,22,,35,20,10,20,17,28,,,,,,1
USW00094728,40.77898,-73.96925,42.7,25-01-16,3.36,,0,0,18.9,,39,28,190,180,8.9,17,,,,,,
USW00094728,40.77898,-73.96925,42.7,26-01-16,6.49,,0,0,16.9,,48,38,230,250,16.1,29.1,,,,,,
USW00094728,40.77898,-73.96925,42.7,27-01-16,6.71,,0,0,9.1,,47,34,290,320,15,25.1,,,,,,
USW00094728,40.77898,-73.96925,42.7,28-01-16,4.47,,0,0,5.9,,42,32,250,260,14.1,21.9,,,,,,
USW00094728,40.77898,-73.96925,42.7,29-01-16,7.83,,0,0,5.9,,41,30,310,320,17,32,,,,,,
USW00094728,40.77898,-73.96925,42.7,30-01-16,6.93,,0,0,5.9,,39,28,240,250,16.1,25.1,,,,,,
USW00094728,40.77898,-73.96925,42.7,31-01-16,5.14,,0,0,3.9,,56,36,250,240,14.1,21.9,,,,,,
USW00094728,40.77898,-73.96925,42.7,01-02-16,5.82,,0.01,0,2,,59,44,250,260,14.1,21,,,,,,
USW00094728,40.77898,-73.96925,42.7,02-02-16,3.58,,0,0,0,,50,38,170,20,12.1,17,,,,,,
USW00094728,40.77898,-73.96925,42.7,03-02-16,6.49,,0.73,0,0,,59,42,180,170,18.1,30,1,,,,,
USW00094728,40.77898,-73.96925,42.7,04-02-16,5.82,,0,0,0,,59,44,20,20,14.1,21,1,,,,,
USW00094728,40.77898,-73.96925,42.7,05-02-16,8.28,,0.53,2.5,1.2,,44,31,310,300,17,29.1,1,1,,,,1
USW00094728,40.77898,-73.96925,42.7,06-02-16,5.59,,0,0,0,,40,30,250,240,14.1,21.9,,,,,,
USW00094728,40.77898,-73.96925,42.7,07-02-16,5.37,,0,0,0,,47,33,60,90,18.1,25.9,,,,,,
USW00094728,40.77898,-73.96925,42.7,08-02-16,10.51,,0.05,0.1,0,,39,28,60,40,21,31.1,1,,,,,1
USW00094728,40.77898,-73.96925,42.7,09-02-16,4.03,,0,0,0,,36,27,60,60,14.1,19,,,,,,1
USW00094728,40.77898,-73.96925,42.7,10-02-16,5.82,,0.01,0,0,,39,31,250,240,16.1,23.9,1,,,,,1
USW00094728,40.77898,-73.96925,42.7,11-02-16,10.07,,0,0,0,,31,18,290,290,19.9,36.9,,,,,,1
USW00094728,40.77898,-73.96925,42.7,12-02-16,6.71,,0,0,0,,27,15,290,300,15,27.1,,,,,,
USW00094728,40.77898,-73.96925,42.7,13-02-16,12.3,,0,0,0,,22,6,290,290,23,40,,,,,,
USW00094728,40.77898,-73.96925,42.7,14-02-16,6.26,,0,0,0,,15,-1,310,300,19.9,33.1,,,,,,
USW00094728,40.77898,-73.96925,42.7,15-02-16,5.37,,0.44,1.4,0,,35,13,60,60,12.1,17,1,,,,1,1
USW00094728,40.77898,-73.96925,42.7,16-02-16,7.83,,1.01,0,0,,54,35,170,170,18.1,40,1,1,,,,1
USW00094728,40.77898,-73.96925,42.7,17-02-16,7.38,,0,0,0,,39,35,320,310,14.1,21.9,,,,,,
USW00094728,40.77898,-73.96925,42.7,18-02-16,7.16,,0,0,0,,36,27,30,300,15,23,,,,,,
USW00094728,40.77898,-73.96925,42.7,19-02-16,5.37,,0,0,0,,39,24,170,180,14.1,23,,,,,,
USW00094728,40.77898,-73.96925,42.7,20-02-16,7.38,,0,0,0,,61,39,240,240,16.1,30,,,,,,
USW00094728,40.77898,-73.96925,42.7,21-02-16,4.92,,0.03,0,0,,55,44,60,40,14.1,21,,,,,,
USW00094728,40.77898,-73.96925,42.7,22-02-16,5.14,,0,0,0,,52,38,70,80,16.1,21.9,,,,,,
USW00094728,40.77898,-73.96925,42.7,23-02-16,14.54,,0.3,0,0,,40,35,70,60,23.9,36,1,,,1,,1
USW00094728,40.77898,-73.96925,42.7,24-02-16,10.51,,1.22,0,0,,60,36,180,190,21,36.9,1,,,,,
USW00094728,40.77898,-73.96925,42.7,25-02-16,8.95,,0.02,0,0,,61,37,260,250,19.9,36,1,,,,,
USW00094728,40.77898,-73.96925,42.7,26-02-16,8.72,,0,0,0,,39,27,290,290,21.9,34,,,,,,
USW00094728,40.77898,-73.96925,42.7,27-02-16,6.04,,0,0,0,,41,26,250,250,15,23.9,,,,,,
USW00094728,40.77898,-73.96925,42.7,28-02-16,7.38,,0,0,0,,60,38,230,200,17,31.1,,,,,,
USW00094728,40.77898,-73.96925,42.7,29-02-16,8.5,,0.05,0,0,,61,47,260,270,15,25.9,,,,,,
USW00094728,40.77898,-73.96925,42.7,01-03-16,7.61,,0,0,0,,52,39,170,250,15,25.1,,,,,,
USW00094728,40.77898,-73.96925,42.7,02-03-16,10.51,,0.14,0,0,,55,29,310,300,23,40,1,,,,,1
USW00094728,40.77898,-73.96925,42.7,03-03-16,5.82,,0,0,0,,36,26,310,320,16.1,25.1,,,,,,
USW00094728,40.77898,-73.96925,42.7,04-03-16,8.72,,0.11,0.4,0,,39,30,30,20,16.1,23.9,1,,,,,1
USW00094728,40.77898,-73.96925,42.7,05-03-16,4.25,,0,0,0,,41,28,360,360,13,18.1,,,,,,
USW00094728,40.77898,-73.96925,42.7,06-03-16,3.36,,0,0,0,,44,32,50,50,13,15,,,,,,
USW00094728,40.77898,-73.96925,42.7,07-03-16,7.83,,0,0,0,,60,36,230,240,17,30,,,,,,1
USW00094728,40.77898,-73.96925,42.7,08-03-16,3.36,,0,0,0,,67,47,170,170,14.1,19,,,,,,1
USW00094728,40.77898,-73.96925,42.7,09-03-16,2.24,,0,0,0,,77,44,240,210,10.1,21.9,,,,,,1
USW00094728,40.77898,-73.96925,42.7,10-03-16,4.92,,0,0,0,,79,63,250,,12.1,,,,,,,
USW00094728,40.77898,-73.96925,42.7,11-03-16,6.04,,0.06,0,0,,68,48,40,10,17,25.9,1,,,,,
USW00094728,40.77898,-73.96925,42.7,12-03-16,5.14,,0,0,0,,59,40,250,250,15,23,,,,,,
USW00094728,40.77898,-73.96925,42.7,13-03-16,3.58,,0,0,0,,62,50,30,30,12.1,18.1,,,,,,
USW00094728,40.77898,-73.96925,42.7,14-03-16,14.09,,0.29,0,0,,51,40,70,60,28,40,1,,,,,1
USW00094728,40.77898,-73.96925,42.7,15-03-16,5.37,,0,0,0,,57,44,70,70,23,36.9,1,,,,,1
USW00094728,40.77898,-73.96925,42.7,16-03-16,3.58,,0.02,0,0,,65,48,190,170,13,18.1,,,,,,
USW00094728,40.77898,-73.96925,42.7,17-03-16,4.92,,0,0,0,,63,45,300,300,19.9,32,,,,,,
USW00094728,40.77898,-73.96925,42.7,18-03-16,8.72,,0,0,0,,57,42,290,270,21.9,40,,,,,,
USW00094728,40.77898,-73.96925,42.7,19-03-16,5.14,,0,0,0,,46,36,40,40,15,23.9,,,,,,
USW00094728,40.77898,-73.96925,42.7,20-03-16,9.62,,0.07,0,0,,43,32,60,80,18.1,23.9,1,,,,,
USW00094728,40.77898,-73.96925,42.7,21-03-16,8.05,,0.06,0.5,0,,50,32,280,290,19.9,33.1,1,,,,,
USW00094728,40.77898,-73.96925,42.7,22-03-16,6.93,,0,0,0,,56,35,260,240,15,23,,,,,,
USW00094728,40.77898,-73.96925,42.7,23-03-16,6.04,,0,0,0,,71,48,250,260,15,25.9,,,,,,
USW00094728,40.77898,-73.96925,42.7,24-03-16,9.17,,0,0,0,,55,44,60,70,19.9,25.9,1,,,,,1
USW00094728,40.77898,-73.96925,42.7,25-03-16,3.8,,0.04,0,0,,72,44,290,360,14.1,21.9,1,,,,,1
USW00094728,40.77898,-73.96925,42.7,26-03-16,6.49,,0,0,0,,55,38,60,190,14.1,21,,,,,,
USW00094728,40.77898,-73.96925,42.7,27-03-16,5.59,,0,0,0,,55,43,170,180,13,19.9,,,,,,
USW00094728,40.77898,-73.96925,42.7,28-03-16,10.07,,0.38,0,0,,62,42,290,270,25.1,45,1,,,,,1
USW00094728,40.77898,-73.96925,42.7,29-03-16,11.63,,0,0,0,,53,40,290,280,25.9,42.9,,,,,,
USW00094728,40.77898,-73.96925,42.7,30-03-16,5.37,,0,0,0,,56,37,190,160,16.1,23.9,,,,,,
USW00094728,40.77898,-73.96925,42.7,31-03-16,6.71,,0,0,0,,73,49,240,250,16.1,28,,,,,,
USW00094728,40.77898,-73.96925,42.7,01-04-16,6.71,,0.02,0,0,,79,61,260,250,12.1,30,,,,,,
USW00094728,40.77898,-73.96925,42.7,02-04-16,4.92,,0.16,0,0,,61,49,190,190,8.9,19.9,,,,,,
USW00094728,40.77898,-73.96925,42.7,03-04-16,12.75,,0.09,0,0,,50,34,280,280,25.1,45,,,,,,
USW00094728,40.77898,-73.96925,42.7,04-04-16,7.16,,0.47,0,0,,45,29,50,30,16.1,25.1,1,,,,,
USW00094728,40.77898,-73.96925,42.7,05-04-16,8.28,,0,0,0,,43,26,20,20,21.9,31.1,,,,,,
USW00094728,40.77898,-73.96925,42.7,06-04-16,6.04,,0,0,0,,48,30,180,180,17,36,,,,,,
USW00094728,40.77898,-73.96925,42.7,07-04-16,6.93,,0.09,0,0,,58,48,250,260,19.9,34,,,,,,
USW00094728,40.77898,-73.96925,42.7,08-04-16,7.16,,0.01,0,0,,50,40,280,300,13,29.1,,,,,,
USW00094728,40.77898,-73.96925,42.7,09-04-16,6.49,,0.11,0,0,,43,36,310,320,14.1,25.1,,,,,,
USW00094728,40.77898,-73.96925,42.7,10-04-16,4.92,,0,0,0,,50,31,260,320,13,23.9,,,,,,
USW00094728,40.77898,-73.96925,42.7,11-04-16,6.93,,0.01,0,0,,65,43,260,240,13,21.9,,,,,,
USW00094728,40.77898,-73.96925,42.7,12-04-16,5.82,,0.2,0,0,,59,45,310,320,21,30,1,,,,,
USW00094728,40.77898,-73.96925,42.7,13-04-16,4.47,,0,0,0,,58,40,40,40,16.1,25.1,,,,,,
USW00094728,40.77898,-73.96925,42.7,14-04-16,6.49,,0,0,0,,62,43,50,50,11,19.9,,,,,,
USW00094728,40.77898,-73.96925,42.7,15-04-16,3.8,,0,0,0,,65,42,60,60,13,19,,,,,,
USW00094728,40.77898,-73.96925,42.7,16-04-16,4.92,,0,0,0,,68,43,50,40,16.1,19.9,,,,,,
USW00094728,40.77898,-73.96925,42.7,17-04-16,2.91,,0,0,0,,75,44,180,160,8.9,15,,,,,,
USW00094728,40.77898,-73.96925,42.7,18-04-16,3.8,,0,0,0,,82,51,170,170,14.1,21.9,,,,,,
USW00094728,40.77898,-73.96925,42.7,19-04-16,7.61,,0,0,0,,73,55,350,340,16.1,28,,,,,,
USW00094728,40.77898,-73.96925,42.7,20-04-16,6.04,,0,0,0,,69,49,50,50,16.1,21,,,,,,
USW00094728,40.77898,-73.96925,42.7,21-04-16,5.59,,0,0,0,,73,49,260,150,14.1,21,,,,,,
USW00094728,40.77898,-73.96925,42.7,22-04-16,4.25,,0,0,0,,79,62,170,240,10.1,18.1,,,,,,
USW00094728,40.77898,-73.96925,42.7,23-04-16,7.16,,0.16,0,0,,71,54,30,10,16.1,25.1,1,,,,,1
USW00094728,40.77898,-73.96925,42.7,24-04-16,5.82,,0,0,0,,68,47,30,40,15,25.1,,,,,,
USW00094728,40.77898,-73.96925,42.7,25-04-16,4.03,,0,0,0,,69,50,150,100,8.9,14.1,,,,,,
USW00094728,40.77898,-73.96925,42.7,26-04-16,7.16,,0.24,0,0,,60,47,70,60,17,25.9,1,,,,,1
USW00094728,40.77898,-73.96925,42.7,27-04-16,4.25,,0,0,0,,62,46,240,210,12.1,19.9,,,,,,
USW00094728,40.77898,-73.96925,42.7,28-04-16,4.7,,0,0,0,,59,48,50,60,13,18.1,,,,,,
USW00094728,40.77898,-73.96925,42.7,29-04-16,5.82,,0.05,0,0,,58,45,60,90,14.1,19.9,1,,,,,
USW00094728,40.77898,-73.96925,42.7,30-04-16,5.82,,0,0,0,,65,46,270,170,12.1,18.1,,,,,,
USW00094728,40.77898,-73.96925,42.7,01-05-16,4.92,,0.16,0,0,,51,45,70,170,13,19.9,1,,,,,1
USW00094728,40.77898,-73.96925,42.7,02-05-16,2.24,,0.04,0,0,,60,45,60,300,8.9,12.1,1,,,,,1
USW00094728,40.77898,-73.96925,42.7,03-05-16,6.04,,0.61,0,0,,56,51,60,70,14.1,19,1,,,,,1
USW00094728,40.77898,-73.96925,42.7,04-05-16,8.72,,0.01,0,0,,52,48,60,60,17,23.9,1,,,,,1
USW00094728,40.77898,-73.96925,42.7,05-05-16,8.28,,0,0,0,,57,46,60,40,15,23,1,,,,,1
USW00094728,40.77898,-73.96925,42.7,06-05-16,7.83,,0.54,0,0,,54,48,80,60,18.1,28,1,,,,,1
USW00094728,40.77898,-73.96925,42.7,07-05-16,4.47,,0,0,0,,60,48,80,60,14.1,19,1,,,,,
USW00094728,40.77898,-73.96925,42.7,08-05-16,4.7,,0.16,0,0,,66,49,310,300,19.9,31.1,1,,,,,
USW00094728,40.77898,-73.96925,42.7,09-05-16,5.14,,0,0,0,,72,52,260,270,18.1,30,,,,,,
USW00094728,40.77898,-73.96925,42.7,10-05-16,4.92,,0,0,0,,63,50,60,250,13,19.9,,,,,,
USW00094728,40.77898,-73.96925,42.7,11-05-16,2.46,,0,0,0,,76,50,250,250,10.1,17,,,,,,
USW00094728,40.77898,-73.96925,42.7,12-05-16,3.36,,0,0,0,,80,56,70,5,12.1,18.1,,,,,,
USW00094728,40.77898,-73.96925,42.7,13-05-16,,,0.25,0,0,,65,57,,,,,,,,,,
USW00094728,40.77898,-73.96925,42.7,14-05-16,,,0,0,0,,73,56,,,,,,,,,,
USW00094728,40.77898,-73.96925,42.7,15-05-16,,,0,0,0,,59,46,,,,,,,,,,
USW00094728,40.77898,-73.96925,42.7,16-05-16,,,0,0,0,,66,43,,,,,,,,,,
USW00094728,40.77898,-73.96925,42.7,17-05-16,3.8,,0,0,0,,64,52,99,,6,,,,,,,
USW00094728,40.77898,-73.96925,42.7,18-05-16,,,0,0,0,,68,52,,,,,,,,,,
USW00094728,40.77898,-73.96925,42.7,19-05-16,1.34,,0,0,0,,73,54,190,180,10.1,21,,,,,,
USW00094728,40.77898,-73.96925,42.7,20-05-16,4.47,,0,0,0,,76,53,50,250,12.1,16.1,,,,,,
USW00094728,40.77898,-73.96925,42.7,21-05-16,3.8,,0.04,0,0,,66,54,150,150,12.1,19,,,,,,
USW00094728,40.77898,-73.96925,42.7,22-05-16,3.58,,0.09,0,0,,70,52,60,50,10.1,14.1,1,,,,,
USW00094728,40.77898,-73.96925,42.7,23-05-16,2.46,,0.02,0,0,,78,56,180,170,8.9,16.1,,,,,,1
USW00094728,40.77898,-73.96925,42.7,24-05-16,2.01,,0.18,0,0,,73,58,20,30,8.9,14.1,1,,,,,1
USW00094728,40.77898,-73.96925,42.7,25-05-16,4.25,,0,0,0,,88,61,240,250,10.1,16.1,,,,,,
USW00094728,40.77898,-73.96925,42.7,26-05-16,3.58,,0,0,0,,90,69,180,190,10.1,17,,,,,,
USW00094728,40.77898,-73.96925,42.7,27-05-16,3.8,,0,0,0,,87,73,160,250,13,19.9,,,,,,1
USW00094728,40.77898,-73.96925,42.7,28-05-16,4.47,,0,0,0,,92,71,230,240,12.1,23,,,,,,1
USW00094728,40.77898,-73.96925,42.7,29-05-16,4.92,,0,0,0,,87,70,170,170,13,23.9,1,,,,,
USW00094728,40.77898,-73.96925,42.7,30-05-16,3.13,,1.65,0,0,,82,68,240,330,12.1,30,1,,,,,1
USW00094728,40.77898,-73.96925,42.7,31-05-16,3.13,,0,0,0,,85,71,70,210,12.1,19.9,1,,,,,1
USW00094728,40.77898,-73.96925,42.7,01-06-16,6.04,,0,0,0,,83,66,60,60,13,17,,,,,,
USW00094728,40.77898,-73.96925,42.7,02-06-16,4.7,,0,0,0,,78,62,60,50,12.1,16.1,,,,,,1
USW00094728,40.77898,-73.96925,42.7,03-06-16,1.34,,0.04,0,0,,70,63,90,140,8.1,10.1,1,,,,,1
USW00094728,40.77898,-73.96925,42.7,04-06-16,2.46,,0.4,0,0,,83,66,160,180,8.9,13,1,,,,,1
USW00094728,40.77898,-73.96925,42.7,05-06-16,3.36,,0.91,0,0,,71,65,280,270,18.1,38,1,,,,,
USW00094728,40.77898,-73.96925,42.7,06-06-16,5.59,,0,0,0,,83,65,250,290,13,21.9,1,,,,,1
USW00094728,40.77898,-73.96925,42.7,07-06-16,5.14,,0,0,0,,85,64,310,300,17,30,,,,,,
USW00094728,40.77898,-73.96925,42.7,08-06-16,7.61,,0.45,0,0,,67,52,290,280,17,28,1,,,,,
USW00094728,40.77898,-73.96925,42.7,09-06-16,8.95,,0,0,0,,71,54,290,280,21,32,,,,,,
USW00094728,40.77898,-73.96925,42.7,10-06-16,5.37,,0,0,0,,77,57,300,310,14.1,23.9,,,,,,1
USW00094728,40.77898,-73.96925,42.7,11-06-16,3.36,,0,0,0,,88,59,270,270,15,25.1,,,,,,
USW00094728,40.77898,-73.96925,42.7,12-06-16,8.05,,0,0,0,,83,62,290,290,21,36,,,,,,1
USW00094728,40.77898,-73.96925,42.7,13-06-16,7.38,,0,0,0,,74,57,280,320,14.1,27.1,,,,,,
USW00094728,40.77898,-73.96925,42.7,14-06-16,4.25,,0,0,0,,79,58,20,290,10.1,17,,,,,,
USW00094728,40.77898,-73.96925,42.7,15-06-16,2.46,,0,0,0,,85,62,260,250,12.1,18.1,,,,,,1
USW00094728,40.77898,-73.96925,42.7,16-06-16,1.79,,0.22,0,0,,74,65,150,20,8.1,16.1,1,,,,,1
USW00094728,40.77898,-73.96925,42.7,17-06-16,4.7,,0,0,0,,78,63,70,180,13,19,,,,,,
USW00094728,40.77898,-73.96925,42.7,18-06-16,2.68,,0,0,0,,87,61,160,160,8.9,16.1,,,,,,
USW00094728,40.77898,-73.96925,42.7,19-06-16,2.91,,0,0,0,,88,66,170,170,12.1,19.9,,,,,,
USW00094728,40.77898,-73.96925,42.7,20-06-16,3.13,,0,0,0,,84,64,160,170,12.1,17,,,,,,
USW00094728,40.77898,-73.96925,42.7,21-06-16,4.92,,0,0,0,,87,72,300,300,15,27.1,,,,,,1
USW00094728,40.77898,-73.96925,42.7,22-06-16,4.03,,0,0,0,,86,68,290,270,17,25.9,,,,,,
USW00094728,40.77898,-73.96925,42.7,23-06-16,2.01,,0,0,0,,83,69,70,60,8.1,12.1,,,,,,
USW00094728,40.77898,-73.96925,42.7,24-06-16,6.26,,0,0,0,,84,67,60,40,15,21.9,,,,,,1
USW00094728,40.77898,-73.96925,42.7,25-06-16,3.58,,0,0,0,,86,64,170,160,8.9,15,,,,,,
USW00094728,40.77898,-73.96925,42.7,26-06-16,2.46,,0,0,0,,87,67,160,170,10.1,17,,,,,,
USW00094728,40.77898,-73.96925,42.7,27-06-16,4.92,,0.45,0,0,,83,67,160,190,12.1,21.9,1,,,,,
USW00094728,40.77898,-73.96925,42.7,28-06-16,3.58,,0.12,0,0,,76,68,160,170,12.1,17,1,,,,,1
USW00094728,40.77898,-73.96925,42.7,29-06-16,2.24,,0.01,0,0,,83,67,270,250,10.1,17,1,,,,,
USW00094728,40.77898,-73.96925,42.7,30-06-16,2.91,,0,0,0,,85,67,160,250,8.1,15,,,,,,
USW00094728,40.77898,-73.96925,42.7,01-07-16,3.36,,0.83,0,0,,79,66,170,160,13,21.9,1,,,,,1
USW00094728,40.77898,-73.96925,42.7,02-07-16,5.37,,0,0,0,,76,63,310,290,13,23.9,1,,,,,
USW00094728,40.77898,-73.96925,42.7,03-07-16,3.13,,0,0,0,,78,64,250,270,8.9,16.1,,,,,,
USW00094728,40.77898,-73.96925,42.7,04-07-16,3.13,,0.49,0,0,,84,66,260,250,12.1,21,1,,,,,
USW00094728,40.77898,-73.96925,42.7,05-07-16,2.91,,0.66,0,0,,86,69,280,280,12.1,16.1,1,,,,,
USW00094728,40.77898,-73.96925,42.7,06-07-16,2.46,,0,0,0,,91,75,170,180,8.1,16.1,,,,,,
USW00094728,40.77898,-73.96925,42.7,07-07-16,2.01,,0.04,0,0,,89,77,260,170,8.9,18.1,1,,,,,1
USW00094728,40.77898,-73.96925,42.7,08-07-16,5.37,,0.08,0,0,,86,67,60,60,13,18.1,1,,,,,1
USW00094728,40.77898,-73.96925,42.7,09-07-16,4.03,,0.53,0,0,,72,65,150,140,10.1,16.1,1,,,,,1
USW00094728,40.77898,-73.96925,42.7,10-07-16,4.25,,0,0,0,,80,66,290,290,12.1,21.9,1,,,,,
USW00094728,40.77898,-73.96925,42.7,11-07-16,3.36,,0,0,0,,81,65,60,50,10.1,15,,,,,,
USW00094728,40.77898,-73.96925,42.7,12-07-16,4.25,,0,0,0,,82,68,170,170,13,19,,,,,,
USW00094728,40.77898,-73.96925,42.7,13-07-16,4.7,,0,0,0,,85,71,230,250,10.1,19.9,,,,,,
USW00094728,40.77898,-73.96925,42.7,14-07-16,2.91,,0.62,0,0,,88,73,280,290,19.9,36,1,,,,,1
USW00094728,40.77898,-73.96925,42.7,15-07-16,4.47,,0,0,0,,88,79,280,290,13,21,,,,,,
USW00094728,40.77898,-73.96925,42.7,16-07-16,4.25,,0,0,0,,90,75,210,210,13,23,,,,,,1
USW00094728,40.77898,-73.96925,42.7,17-07-16,2.68,,0,0,0,,89,75,280,170,10.1,16.1,,,,,,
USW00094728,40.77898,-73.96925,42.7,18-07-16,5.82,,0.35,0,0,,93,72,250,280,13,21.9,1,,,,,
USW00094728,40.77898,-73.96925,42.7,19-07-16,4.92,,0,0,0,,83,73,320,320,12.1,23,,,,,,
USW00094728,40.77898,-73.96925,42.7,20-07-16,3.13,,0,0,0,,85,68,80,80,10.1,14.1,,,,,,
USW00094728,40.77898,-73.96925,42.7,21-07-16,5.14,,0,0,0,,90,71,220,240,12.1,21,,,,,,
USW00094728,40.77898,-73.96925,42.7,22-07-16,6.49,,0,0,0,,94,74,280,240,16.1,25.9,,,,,,1
USW00094728,40.77898,-73.96925,42.7,23-07-16,4.92,,0,0,0,,96,80,290,280,15,23.9,,,,,,
USW00094728,40.77898,-73.96925,42.7,24-07-16,4.03,,0,0,0,,94,75,240,240,8.9,18.1,,,,,,
USW00094728,40.77898,-73.96925,42.7,25-07-16,3.36,,1,0,0,,93,73,60,30,18.1,31.1,1,,,,,
USW00094728,40.77898,-73.96925,42.7,26-07-16,4.25,,0,0,0,,89,72,290,290,12.1,21.9,1,,,,,
USW00094728,40.77898,-73.96925,42.7,27-07-16,2.01,,0,0,0,,91,74,250,280,8.1,11,,,,,,
USW00094728,40.77898,-73.96925,42.7,28-07-16,3.13,,0,0,0,,95,75,250,240,13,23,1,,,,,1
USW00094728,40.77898,-73.96925,42.7,29-07-16,4.25,,1.09,0,0,,85,69,60,60,13,18.1,1,,,,,1
USW00094728,40.77898,-73.96925,42.7,30-07-16,3.58,,0.25,0,0,,84,73,160,180,10.1,19.9,1,,,,,1
USW00094728,40.77898,-73.96925,42.7,31-07-16,4.25,,1.08,0,0,,78,71,120,120,14.1,19.9,1,,,,,1
USW00094728,40.77898,-73.96925,42.7,01-08-16,4.92,,0,0,0,,80,69,60,60,13,17,1,,,,,
USW00094728,40.77898,-73.96925,42.7,02-08-16,6.93,,0,0,0,,79,68,70,60,16.1,19.9,,,,,,
USW00094728,40.77898,-73.96925,42.7,03-08-16,2.91,,0,0,0,,80,66,180,170,8.9,16.1,,,,,,
USW00094728,40.77898,-73.96925,42.7,04-08-16,2.01,,0,0,0,,81,67,250,200,8.1,15,,,,,,
USW00094728,40.77898,-73.96925,42.7,05-08-16,3.8,,0,0,0,,83,69,240,240,10.1,19,,,,,,
USW00094728,40.77898,-73.96925,42.7,06-08-16,5.14,,0.05,0,0,,87,72,290,300,14.1,21.9,1,,,,,1
USW00094728,40.77898,-73.96925,42.7,07-08-16,4.03,,0,0,0,,86,70,330,300,10.1,18.1,,,,,,
USW00094728,40.77898,-73.96925,42.7,08-08-16,1.34,,0,0,0,,86,71,60,30,8.1,11,,,,,,
USW00094728,40.77898,-73.96925,42.7,09-08-16,2.68,,0,0,0,,87,71,220,200,10.1,18.1,,,,,,
USW00094728,40.77898,-73.96925,42.7,10-08-16,4.03,,0.09,0,0,,86,75,260,250,12.1,19.9,1,,,,,1
USW00094728,40.77898,-73.96925,42.7,11-08-16,4.47,,0.15,0,0,,91,74,290,280,13,19.9,1,,,,,1
USW00094728,40.77898,-73.96925,42.7,12-08-16,5.14,,0.32,0,0,,93,73,250,270,13,21.9,1,,,,,1
USW00094728,40.77898,-73.96925,42.7,13-08-16,4.03,,0,0,0,,96,81,260,170,12.1,19,,,,,,
USW00094728,40.77898,-73.96925,42.7,14-08-16,3.8,,0.06,0,0,,94,78,280,250,12.1,21.9,1,,,,,1
USW00094728,40.77898,-73.96925,42.7,15-08-16,2.91,,0,0,0,,92,77,290,290,8.9,14.1,,,,,,
USW00094728,40.77898,-73.96925,42.7,16-08-16,4.03,,0.11,0,0,,87,78,230,250,13,23.9,1,,,,,1
USW00094728,40.77898,-73.96925,42.7,17-08-16,5.37,,0.01,0,0,,85,77,240,250,17,33.1,,,,,,
USW00094728,40.77898,-73.96925,42.7,18-08-16,1.57,,0.03,0,0,,85,72,50,40,8.9,13,1,,,,,
USW00094728,40.77898,-73.96925,42.7,19-08-16,2.24,,0.01,0,0,,88,74,40,20,12.1,16.1,1,,,,,
USW00094728,40.77898,-73.96925,42.7,20-08-16,4.7,,0.82,0,0,,83,70,160,160,16.1,23,1,1,,,,1
USW00094728,40.77898,-73.96925,42.7,21-08-16,4.25,,0.31,0,0,,86,73,200,180,12.1,21,1,,,,,1
USW00094728,40.77898,-73.96925,42.7,22-08-16,5.82,,0,0,0,,79,65,310,300,14.1,29.1,,,,,,
USW00094728,40.77898,-73.96925,42.7,23-08-16,1.79,,0,0,0,,82,61,290,250,8.9,17,,,,,,
USW00094728,40.77898,-73.96925,42.7,24-08-16,,,0,0,0,,88,68,280,,6,,,,,,,
USW00094728,40.77898,-73.96925,42.7,25-08-16,,,0.01,0,0,,86,69,,,,,,,,,,
USW00094728,40.77898,-73.96925,42.7,26-08-16,,,0,0,0,,90,75,,,,,,,,,,
USW00094728,40.77898,-73.96925,42.7,27-08-16,2.68,,0,0,0,,89,73,180,170,10.1,17,,,,,,
USW00094728,40.77898,-73.96925,42.7,28-08-16,2.46,,0,0,0,,89,72,99,,6.9,,,,,,,
USW00094728,40.77898,-73.96925,42.7,29-08-16,5.37,,0,0,0,,91,74,50,10,10.1,19,,,,,,
USW00094728,40.77898,-73.96925,42.7,30-08-16,3.13,,0,0,0,,86,69,60,70,12.1,16.1,,,,,,
USW00094728,40.77898,-73.96925,42.7,31-08-16,3.36,,0,0,0,,89,74,230,240,8.9,17,,,,,,1
USW00094728,40.77898,-73.96925,42.7,01-09-16,1.79,,0.5,0,0,,79,69,350,340,10.1,16.1,1,,,,,1
USW00094728,40.77898,-73.96925,42.7,02-09-16,6.04,,0,0,0,,81,66,50,30,13,18.1,,,,,,
USW00094728,40.77898,-73.96925,42.7,03-09-16,6.71,,0,0,0,,75,66,60,50,15,23.9,,,,,,
USW00094728,40.77898,-73.96925,42.7,04-09-16,6.71,,0,0,0,,80,65,60,50,15,21,,,,,,
USW00094728,40.77898,-73.96925,42.7,05-09-16,7.61,,0,0,0,,84,65,30,20,16.1,27.1,,,,,,
USW00094728,40.77898,-73.96925,42.7,06-09-16,9.62,,0,0,0,,80,71,60,60,18.1,30,1,,,,,1
USW00094728,40.77898,-73.96925,42.7,07-09-16,6.49,,0,0,0,,85,71,70,30,14.1,21.9,1,,,,,1
USW00094728,40.77898,-73.96925,42.7,08-09-16,2.68,,0,0,0,,89,71,260,250,10.1,19,1,,,,,1
USW00094728,40.77898,-73.96925,42.7,09-09-16,3.8,,0.22,0,0,,91,75,280,280,10.1,17,1,,,,,1
USW00094728,40.77898,-73.96925,42.7,10-09-16,4.03,,0,0,0,,90,74,220,210,10.1,21,1,,,,,1
USW00094728,40.77898,-73.96925,42.7,11-09-16,5.82,,0,0,0,,83,67,310,280,16.1,28,,,,,,
USW00094728,40.77898,-73.96925,42.7,12-09-16,4.25,,0,0,0,,78,62,60,200,8.9,16.1,,,,,,
USW00094728,40.77898,-73.96925,42.7,13-09-16,4.03,,0,0,0,,83,64,220,240,13,23,,,,,,
USW00094728,40.77898,-73.96925,42.7,14-09-16,4.92,,0.56,0,0,,91,67,50,280,15,28,1,,,,,1
USW00094728,40.77898,-73.96925,42.7,15-09-16,4.92,,0,0,0,,74,61,60,40,15,23.9,,,,,,
USW00094728,40.77898,-73.96925,42.7,16-09-16,2.68,,0,0,0,,73,61,160,160,8.9,17,,,,,,
USW00094728,40.77898,-73.96925,42.7,17-09-16,3.36,,0,0,0,,77,59,160,200,10.1,19,,,,,,
USW00094728,40.77898,-73.96925,42.7,18-09-16,3.58,,0,0,0,,82,70,250,200,12.1,18.1,,,,,,
USW00094728,40.77898,-73.96925,42.7,19-09-16,2.46,,0.68,0,0,,76,69,280,200,12.1,18.1,1,,,,,
USW00094728,40.77898,-73.96925,42.7,20-09-16,2.24,,0,0,0,,82,68,60,360,8.9,12.1,1,,,,,
USW00094728,40.77898,-73.96925,42.7,21-09-16,3.8,,0,0,0,,84,68,30,30,12.1,17,1,,,,,
USW00094728,40.77898,-73.96925,42.7,22-09-16,2.46,,0,0,0,,86,65,160,180,8.1,14.1,,,,,,
USW00094728,40.77898,-73.96925,42.7,23-09-16,1.79,,0.01,0,0,,87,64,40,40,12.1,17,1,,,,,
USW00094728,40.77898,-73.96925,42.7,24-09-16,5.14,,0.2,0,0,,71,58,60,50,14.1,23,1,,,,,
USW00094728,40.77898,-73.96925,42.7,25-09-16,2.91,,0,0,0,,70,54,50,60,10.1,15,,,,,,
USW00094728,40.77898,-73.96925,42.7,26-09-16,4.47,,0,0,0,,74,54,160,170,12.1,19.9,,,,,,
USW00094728,40.77898,-73.96925,42.7,27-09-16,3.13,,0.22,0,0,,74,64,260,250,10.1,18.1,1,,,,,
USW00094728,40.77898,-73.96925,42.7,28-09-16,8.05,,0,0,0,,69,56,60,70,18.1,27.1,1,,,,,1
USW00094728,40.77898,-73.96925,42.7,29-09-16,11.18,,0,0,0,,64,57,70,90,21,31.1,1,,,,,
USW00094728,40.77898,-73.96925,42.7,30-09-16,9.62,,0.4,0,0,,59,56,80,60,16.1,28,1,,,,,1
USW00094728,40.77898,-73.96925,42.7,01-10-16,7.61,,0,0,0,,62,56,70,50,16.1,23,1,,,,,
USW00094728,40.77898,-73.96925,42.7,02-10-16,2.68,,0,0,0,,63,57,80,40,8.9,12.1,1,,,,,1
USW00094728,40.77898,-73.96925,42.7,03-10-16,2.24,,0,0,0,,72,60,60,290,6.9,11,1,,,,,1
USW00094728,40.77898,-73.96925,42.7,04-10-16,7.61,,0,0,0,,69,60,70,60,15,23,,,,,,
USW00094728,40.77898,-73.96925,42.7,05-10-16,4.7,,0,0,0,,67,53,60,60,13,17,,,,,,
USW00094728,40.77898,-73.96925,42.7,06-10-16,2.01,,0,0,0,,73,55,160,170,6.9,13,1,,,,,
USW00094728,40.77898,-73.96925,42.7,07-10-16,2.46,,0,0,0,,75,57,160,180,8.9,16.1,1,,,,,1
USW00094728,40.77898,-73.96925,42.7,08-10-16,2.01,,0.23,0,0,,68,58,300,300,8.1,11,1,,,,,
USW00094728,40.77898,-73.96925,42.7,09-10-16,7.38,,0.55,0,0,,65,51,30,30,16.1,28,1,,,,,
USW00094728,40.77898,-73.96925,42.7,10-10-16,4.7,,0,0,0,,64,47,350,360,15,23,,,,,,
USW00094728,40.77898,-73.96925,42.7,11-10-16,3.58,,0,0,0,,63,46,60,60,8.9,15,,,,,,
USW00094728,40.77898,-73.96925,42.7,12-10-16,1.12,,0,0,0,,66,53,170,170,8.1,13,,,,,,
USW00094728,40.77898,-73.96925,42.7,13-10-16,2.91,,0,0,0,,67,53,340,,12.1,,1,,,,,
USW00094728,40.77898,-73.96925,42.7,14-10-16,4.7,,0,0,0,,62,47,50,350,12.1,19,,,,,,
USW00094728,40.77898,-73.96925,42.7,15-10-16,3.13,,0,0,0,,65,45,160,160,8.9,14.1,,,,,,
USW00094728,40.77898,-73.96925,42.7,16-10-16,4.03,,0,0,0,,69,53,250,240,10.1,19,,,,,,
USW00094728,40.77898,-73.96925,42.7,17-10-16,2.68,,0,0,0,,81,63,280,210,8.1,14.1,,,,,,1
USW00094728,40.77898,-73.96925,42.7,18-10-16,4.03,,0,0,0,,81,67,230,230,14.1,23,,,,,,1
USW00094728,40.77898,-73.96925,42.7,19-10-16,4.47,,0,0,0,,85,65,250,240,13,21,,,,,,
USW00094728,40.77898,-73.96925,42.7,20-10-16,6.26,,0,0,0,,70,62,110,110,12.1,17,1,,,,,1
USW00094728,40.77898,-73.96925,42.7,21-10-16,2.24,,1.11,0,0,,69,57,300,310,12.1,17,1,,,,,
USW00094728,40.77898,-73.96925,42.7,22-10-16,10.51,,0.29,0,0,,57,47,280,280,19.9,35.1,1,,,,,
USW00094728,40.77898,-73.96925,42.7,23-10-16,8.5,,0,0,0,,61,45,290,290,21.9,36,,,,,,
USW00094728,40.77898,-73.96925,42.7,24-10-16,6.04,,0,0,0,,62,47,300,310,16.1,30,,,,,,1
USW00094728,40.77898,-73.96925,42.7,25-10-16,6.49,,0,0,0,,52,43,310,310,16.1,27.1,,,,,,
USW00094728,40.77898,-73.96925,42.7,26-10-16,4.03,,0,0,0,,51,38,310,320,13,19,,,,,,
USW00094728,40.77898,-73.96925,42.7,27-10-16,5.14,,1.41,0,0,,55,40,110,120,13,21,1,,,,,
USW00094728,40.77898,-73.96925,42.7,28-10-16,8.28,,0,0,0,,51,42,300,310,19.9,35.1,1,,,,,
USW00094728,40.77898,-73.96925,42.7,29-10-16,4.25,,0,0,0,,64,39,250,270,14.1,21.9,,,,,,
USW00094728,40.77898,-73.96925,42.7,30-10-16,3.8,,0.56,0,0,,76,54,10,20,18.1,36.9,1,,,,,
USW00094728,40.77898,-73.96925,42.7,31-10-16,4.92,,0,0,0,,54,44,10,310,12.1,23,,,,,,
USW00094728,40.77898,-73.96925,42.7,01-11-16,3.13,,0,0,0,,58,40,150,170,10.1,17,,,,,,
USW00094728,40.77898,-73.96925,42.7,02-11-16,3.13,,0,0,0,,70,54,270,250,10.1,17,,,,,,
USW00094728,40.77898,-73.96925,42.7,03-11-16,5.14,,0,0,0,,72,57,250,250,15,27.1,,,,,,1
USW00094728,40.77898,-73.96925,42.7,04-11-16,4.7,,0,0,0,,61,47,300,310,12.1,18.1,,,,,,
USW00094728,40.77898,-73.96925,42.7,05-11-16,3.13,,0,0,0,,62,44,300,310,13,19.9,,,,,,
USW00094728,40.77898,-73.96925,42.7,06-11-16,7.61,,0,0,0,,59,45,20,20,16.1,25.9,,,,,,
USW00094728,40.77898,-73.96925,42.7,07-11-16,5.37,,0,0,0,,53,41,70,40,14.1,19.9,,,,,,
USW00094728,40.77898,-73.96925,42.7,08-11-16,2.46,,0,0,0,,66,41,260,260,8.1,13,,,,,,
USW00094728,40.77898,-73.96925,42.7,09-11-16,3.58,,0.06,0,0,,59,49,30,30,14.1,23,1,,,,,1
USW00094728,40.77898,-73.96925,42.7,10-11-16,5.82,,0,0,0,,56,40,260,260,14.1,28,,,,,,
USW00094728,40.77898,-73.96925,42.7,11-11-16,8.28,,0,0,0,,63,41,310,300,18.1,35.1,,,,,,
USW00094728,40.77898,-73.96925,42.7,12-11-16,5.37,,0,0,0,,50,37,340,360,12.1,19.9,,,,,,
USW00094728,40.77898,-73.96925,42.7,13-11-16,5.37,,0,0,0,,61,41,240,250,13,19,,,,,,
USW00094728,40.77898,-73.96925,42.7,14-11-16,3.58,,0,0,0,,62,46,270,260,13,19.9,,,,,,1
USW00094728,40.77898,-73.96925,42.7,15-11-16,5.59,,1.81,0,0,,56,47,30,20,17,29.1,1,1,,,,
USW00094728,40.77898,-73.96925,42.7,16-11-16,4.03,,0,0,0,,61,45,240,270,10.1,17,,,,,,
USW00094728,40.77898,-73.96925,42.7,17-11-16,4.25,,0,0,0,,61,49,10,350,13,19.9,,,,,,
USW00094728,40.77898,-73.96925,42.7,18-11-16,2.46,,0,0,0,,64,44,310,360,8.1,13,,,,,,
USW00094728,40.77898,-73.96925,42.7,19-11-16,4.92,,0.25,0,0,,63,37,280,300,18.1,32,1,,,,,
USW00094728,40.77898,-73.96925,42.7,20-11-16,10.29,,0.31,0,0,,42,34,280,280,25.1,38.9,1,,,,,
USW00094728,40.77898,-73.96925,42.7,21-11-16,13.2,,0,0,0,,41,36,280,290,21.9,38.9,,,,,,
USW00094728,40.77898,-73.96925,42.7,22-11-16,9.62,,0,0,0,,41,37,310,290,21,36.9,,,,,,
USW00094728,40.77898,-73.96925,42.7,23-11-16,4.92,,0,0,0,,45,35,300,290,12.1,19.9,,,,,,
USW00094728,40.77898,-73.96925,42.7,24-11-16,4.47,,0.03,0,0,,48,38,80,120,8.9,14.1,1,,,,,
USW00094728,40.77898,-73.96925,42.7,25-11-16,2.01,,0.02,0,0,,54,45,280,270,8.9,13,1,,,,,1
USW00094728,40.77898,-73.96925,42.7,26-11-16,4.47,,0,0,0,,50,40,310,300,14.1,21,1,,,,,1
USW00094728,40.77898,-73.96925,42.7,27-11-16,4.7,,0,0,0,,50,39,310,320,15,23.9,,,,,,
USW00094728,40.77898,-73.96925,42.7,28-11-16,3.36,,0,0,0,,52,38,210,200,10.1,17,,,,,,
USW00094728,40.77898,-73.96925,42.7,29-11-16,4.92,,2.2,0,0,,60,51,180,160,13,25.9,1,,,,,
USW00094728,40.77898,-73.96925,42.7,30-11-16,6.26,,0.73,0,0,,58,50,80,80,18.1,25.1,1,,,,,1
USW00094728,40.77898,-73.96925,42.7,01-12-16,7.61,,0.07,0,0,,54,42,280,290,19.9,33.1,1,,,,,
USW00094728,40.77898,-73.96925,42.7,02-12-16,8.72,,0,0,0,,51,40,290,290,17,28,,,,,,
USW00094728,40.77898,-73.96925,42.7,03-12-16,8.72,,0,0,0,,47,41,310,300,17,33.1,,,,,,
USW00094728,40.77898,-73.96925,42.7,04-12-16,4.92,,0,0,0,,47,39,20,310,12.1,19.9,,,,,,
USW00094728,40.77898,-73.96925,42.7,05-12-16,5.59,,0.19,0,0,,49,38,290,260,15,23.9,1,,,,,
USW00094728,40.77898,-73.96925,42.7,06-12-16,5.37,,0.35,0,0,,46,37,60,70,15,21.9,1,,,,,
USW00094728,40.77898,-73.96925,42.7,07-12-16,3.8,,0.09,0,0,,46,40,70,80,15,21,1,,,,,1
USW00094728,40.77898,-73.96925,42.7,08-12-16,,,0,0,0,,45,35,,,,,,,,,,
USW00094728,40.77898,-73.96925,42.7,09-12-16,,,0,0,0,,39,29,310,320,21,36,,,,,,
USW00094728,40.77898,-73.96925,42.7,10-12-16,6.04,,0,0,0,,35,28,300,290,14.1,19.9,,,,,,
USW00094728,40.77898,-73.96925,42.7,11-12-16,4.03,,0.03,0.4,0,,35,28,260,260,12.1,16.1,1,,,,,1
USW00094728,40.77898,-73.96925,42.7,12-12-16,6.26,,0.5,0,0,,46,34,280,250,13,21,1,,,,,
USW00094728,40.77898,-73.96925,42.7,13-12-16,4.03,,0,0,0,,43,35,250,270,13,19,,,,,,
USW00094728,40.77898,-73.96925,42.7,14-12-16,5.59,,0,0,0,,42,34,290,280,14.1,23,,,,,,
USW00094728,40.77898,-73.96925,42.7,15-12-16,10.96,,0,0,0,,34,19,310,290,25.1,40,,,,,,1
USW00094728,40.77898,-73.96925,42.7,16-12-16,6.04,,0,0,0,,27,17,280,300,15,25.1,,,,,,
USW00094728,40.77898,-73.96925,42.7,17-12-16,4.25,,0.73,2.8,2,,39,24,240,240,15,25.9,1,,,,1,1
USW00094728,40.77898,-73.96925,42.7,18-12-16,7.38,,0.04,0,1.2,,58,31,300,310,18.1,31.1,1,1,,,,
USW00094728,40.77898,-73.96925,42.7,19-12-16,6.71,,0,0,0,,31,23,340,50,14.1,19.9,,,,,,
USW00094728,40.77898,-73.96925,42.7,20-12-16,3.13,,0,0,0,,33,20,250,250,15,21.9,,,,,,
USW00094728,40.77898,-73.96925,42.7,21-12-16,2.91,,0,0,0,,40,30,240,250,13,19,,,,,,
USW00094728,40.77898,-73.96925,42.7,22-12-16,6.26,,0,0,0,,49,37,290,300,16.1,27.1,,,,,,
USW00094728,40.77898,-73.96925,42.7,23-12-16,6.49,,0,0,0,,47,38,250,260,15,21.9,,,,,,
USW00094728,40.77898,-73.96925,42.7,24-12-16,4.92,,0.47,0,0,,47,38,240,250,15,21.9,1,,,,,
USW00094728,40.77898,-73.96925,42.7,25-12-16,6.26,,0,0,0,,50,36,70,300,14.1,19.9,,,,,,
USW00094728,40.77898,-73.96925,42.7,26-12-16,6.49,,0.02,0,0,,50,33,90,270,14.1,23.9,1,,,,,1
USW00094728,40.77898,-73.96925,42.7,27-12-16,7.16,,0,0,0,,60,40,280,260,19.9,33.1,1,,,,,
USW00094728,40.77898,-73.96925,42.7,28-12-16,5.14,,0,0,0,,40,34,310,300,14.1,21,,,,,,
USW00094728,40.77898,-73.96925,42.7,29-12-16,5.37,,0.39,0,0,,46,33,270,170,15,25.1,1,,,,,
USW00094728,40.77898,-73.96925,42.7,30-12-16,9.4,,0.01,0,0,,40,33,290,280,18.1,29.1,1,,,,,
USW00094728,40.77898,-73.96925,42.7,31-12-16,6.93,,0,0,0,,44,31,250,210,15,25.1,,,,,,
USW00094728,40.77898,-73.96925,42.7,01-01-17,5.59,,0,0,0,,48,40,260,310,15,23,,,,,,1
USW00094728,40.77898,-73.96925,42.7,02-01-17,9.17,,0.21,0,0,,41,37,70,70,17,25.1,1,,,1,,
USW00094728,40.77898,-73.96925,42.7,03-01-17,10.74,,0.58,0,0,,43,39,70,60,21,30,1,,,,,
USW00094728,40.77898,-73.96925,42.7,04-01-17,8.05,,0,0,0,,52,34,280,290,23.9,36,1,,,,,1
USW00094728,40.77898,-73.96925,42.7,05-01-17,7.83,,0,0,0,,34,27,250,290,17,27.1,,,,,,
USW00094728,40.77898,-73.96925,42.7,06-01-17,4.7,,0.05,1.2,1.2,,33,25,360,20,10.1,16.1,1,,,,,1
USW00094728,40.77898,-73.96925,42.7,07-01-17,7.61,,0.32,5.1,0,,26,20,350,330,17,25.1,1,1,,,,1
USW00094728,40.77898,-73.96925,42.7,08-01-17,8.72,,0,0,3.9,,25,16,290,280,18.1,30,,,,,,
USW00094728,40.77898,-73.96925,42.7,09-01-17,5.14,,0,0,3.1,,23,14,250,250,13,21.9,,,,,,
USW00094728,40.77898,-73.96925,42.7,10-01-17,4.7,,0,0,3.1,,46,21,180,170,14.1,23.9,,,,,,
USW00094728,40.77898,-73.96925,42.7,11-01-17,5.82,,0.52,0,0,,52,42,250,240,16.1,33.1,1,,,,,
USW00094728,40.77898,-73.96925,42.7,12-01-17,7.61,,0.05,0,0,,66,47,250,250,16.1,23.9,1,,,,,
USW00094728,40.77898,-73.96925,42.7,13-01-17,7.16,,0,0,0,,62,32,300,300,17,28,,,,,,
USW00094728,40.77898,-73.96925,42.7,14-01-17,4.25,,0.12,0.6,0,,34,28,280,60,8.9,12.1,1,1,,,,
USW00094728,40.77898,-73.96925,42.7,15-01-17,4.25,,0,0,1.2,,38,30,310,300,10.1,15,,,,,,
USW00094728,40.77898,-73.96925,42.7,16-01-17,4.7,,0,0,0,,43,30,250,250,13,19,,,,,,
USW00094728,40.77898,-73.96925,42.7,17-01-17,4.92,,0.35,0,0,,42,38,70,70,15,19.9,1,,,,,1
USW00094728,40.77898,-73.96925,42.7,18-01-17,5.82,,0.06,0,0,,41,38,60,60,14.1,19,1,,,,,
USW00094728,40.77898,-73.96925,42.7,19-01-17,3.58,,0,0,0,,49,39,320,310,12.1,19,,,,,,
USW00094728,40.77898,-73.96925,42.7,20-01-17,4.03,,0.1,0,0,,45,40,60,110,10.1,14.1,1,,,,,
USW00094728,40.77898,-73.96925,42.7,21-01-17,3.8,,0,0,0,,49,41,270,270,12.1,18.1,1,,,,,1
USW00094728,40.77898,-73.96925,42.7,22-01-17,6.71,,0.05,0,0,,48,43,60,50,21,33.1,1,1,,,,1
USW00094728,40.77898,-73.96925,42.7,23-01-17,18.34,,1.16,0,0,,44,36,70,40,33.1,47,1,,,,,
USW00094728,40.77898,-73.96925,42.7,24-01-17,10.07,,1.18,0,0,,38,35,50,50,23.9,36,1,,,,,
USW00094728,40.77898,-73.96925,42.7,25-01-17,6.71,,0,0,0,,51,36,310,280,18.1,25.9,,,,,,
USW00094728,40.77898,-73.96925,42.7,26-01-17,6.71,,0.02,0,0,,56,43,290,270,21,38,,,,,,
USW00094728,40.77898,-73.96925,42.7,27-01-17,8.95,,0,0,0,,43,36,290,260,18.1,33.1,,,,,,
USW00094728,40.77898,-73.96925,42.7,28-01-17,7.83,,0,0,0,,39,34,270,260,16.1,27.1,,,,,,
USW00094728,40.77898,-73.96925,42.7,29-01-17,5.82,,0,0,0,,43,35,260,260,15,23.9,,,,,,
USW00094728,40.77898,-73.96925,42.7,30-01-17,6.26,,0,0,0,,37,30,310,330,15,21.9,,,,,,
USW00094728,40.77898,-73.96925,42.7,31-01-17,4.03,,0.06,1,0,,34,26,80,80,12.1,15,1,1,,,,1
USW00094728,40.77898,-73.96925,42.7,01-02-17,5.82,,0,0,0,,47,33,260,250,16.1,25.9,,,,,,
USW00094728,40.77898,-73.96925,42.7,02-02-17,5.37,,0,0,0,,45,32,280,300,16.1,28,,,,,,
USW00094728,40.77898,-73.96925,42.7,03-02-17,6.71,,0,0,0,,33,26,310,310,17,29.1,,,,,,
USW00094728,40.77898,-73.96925,42.7,04-02-17,8.5,,0,0,0,,34,22,310,310,16.1,25.9,,,,,,
USW00094728,40.77898,-73.96925,42.7,05-02-17,7.16,,0,0,0,,43,31,230,240,16.1,28,,,,,,
USW00094728,40.77898,-73.96925,42.7,06-02-17,5.14,,0,0,0,,49,36,170,270,13,19.9,,,,,,
USW00094728,40.77898,-73.96925,42.7,07-02-17,6.71,,0.27,0,0,,42,36,60,70,15,21,1,,,,,1
USW00094728,40.77898,-73.96925,42.7,08-02-17,4.7,,0.03,0,0,,62,38,360,30,13,17,1,,,,,1
USW00094728,40.77898,-73.96925,42.7,09-02-17,12.3,,1.16,9.4,2,,44,19,310,320,23,36.9,1,1,,,,1
USW00094728,40.77898,-73.96925,42.7,10-02-17,8.5,,0,0,7.9,,32,19,280,260,16.1,31.1,,,,,,1
USW00094728,40.77898,-73.96925,42.7,11-02-17,4.03,,0,0,5.1,,48,30,240,240,13,19.9,,,,,,
USW00094728,40.77898,-73.96925,42.7,12-02-17,7.16,,0.46,0,2,,40,30,70,60,17,23,1,,,,1,
USW00094728,40.77898,-73.96925,42.7,13-02-17,12.3,,0.02,0,2,,39,31,310,310,28,48.1,1,,,,,
USW00094728,40.77898,-73.96925,42.7,14-02-17,5.37,,0,0,2,,41,28,250,310,13,19.9,,,,,,
USW00094728,40.77898,-73.96925,42.7,15-02-17,6.49,,0,0,0,,47,35,280,280,18.1,29.1,,,,,,
USW00094728,40.77898,-73.96925,42.7,16-02-17,10.51,,0,0,0,,35,28,310,310,17,29.1,,,,,,
USW00094728,40.77898,-73.96925,42.7,17-02-17,8.5,,0,0,0,,41,26,290,290,16.1,28,,,,,,
USW00094728,40.77898,-73.96925,42.7,18-02-17,5.82,,0,0,0,,63,35,250,240,16.1,28,,,,,,
USW00094728,40.77898,-73.96925,42.7,19-02-17,5.59,,0,0,0,,65,53,270,330,14.1,21.9,,,,,,
USW00094728,40.77898,-73.96925,42.7,20-02-17,7.38,,0,0,0,,55,39,60,40,18.1,25.1,,,,,,
USW00094728,40.77898,-73.96925,42.7,21-02-17,5.82,,0,0,0,,47,34,170,240,14.1,21.9,,,,,,
USW00094728,40.77898,-73.96925,42.7,22-02-17,2.91,,0,0,0,,57,42,240,210,12.1,17,,,,,,
USW00094728,40.77898,-73.96925,42.7,23-02-17,3.58,,0,0,0,,65,44,240,240,13,19.9,1,,,,,1
USW00094728,40.77898,-73.96925,42.7,24-02-17,6.04,,0,0,0,,70,58,150,170,14.1,21,,,,,,
USW00094728,40.77898,-73.96925,42.7,25-02-17,6.71,,0.54,0,0,,63,44,190,200,19.9,28,1,,,,,
USW00094728,40.77898,-73.96925,42.7,26-02-17,8.95,,0,0,0,,44,36,310,300,18.1,29.1,,,,,,
USW00094728,40.77898,-73.96925,42.7,27-02-17,5.59,,0,0,0,,54,35,250,250,16.1,25.9,,,,,,
USW00094728,40.77898,-73.96925,42.7,28-02-17,4.03,,0,0,0,,59,47,160,160,10.1,19,,,,,,
USW00094728,40.77898,-73.96925,42.7,01-03-17,6.04,,0.12,0,0,,70,54,250,260,16.1,31.1,1,,,,,1
USW00094728,40.77898,-73.96925,42.7,02-03-17,11.41,,0,0,0,,64,35,270,290,25.9,47,,,,,,
USW00094728,40.77898,-73.96925,42.7,03-03-17,8.28,,0,0,0,,39,24,310,300,18.1,35.1,,,,,,
USW00094728,40.77898,-73.96925,42.7,04-03-17,8.95,,0,0,0,,30,17,310,260,19.9,34,,,,,,
USW00094728,40.77898,-73.96925,42.7,05-03-17,5.37,,0,0,0,,37,14,350,300,14.1,23,,,,,,
USW00094728,40.77898,-73.96925,42.7,06-03-17,3.36,,0,0,0,,45,26,180,180,10.1,16.1,,,,,,
USW00094728,40.77898,-73.96925,42.7,07-03-17,4.25,,0.1,0,0,,56,42,160,160,13,19.9,1,,,,,
USW00094728,40.77898,-73.96925,42.7,08-03-17,7.61,,0.02,0,0,,59,47,250,270,17,31.1,1,,,,,
USW00094728,40.77898,-73.96925,42.7,09-03-17,8.72,,0,0,0,,61,47,280,270,23,38.9,,,,,,
USW00094728,40.77898,-73.96925,42.7,10-03-17,7.61,,0.31,2.1,0,,47,23,310,290,19.9,33.1,1,1,,,,
USW00094728,40.77898,-73.96925,42.7,11-03-17,9.62,,0,0,1.2,,29,17,290,330,18.1,32,,,,,,
USW00094728,40.77898,-73.96925,42.7,12-03-17,8.95,,0,0,0,,29,19,280,300,17,25.1,,,,,,
USW00094728,40.77898,-73.96925,42.7,13-03-17,4.47,,0,0,0,,36,20,170,180,14.1,21.9,,,,,,
USW00094728,40.77898,-73.96925,42.7,14-03-17,13.42,,1.97,7.6,3.9,,32,21,60,40,28,38,1,1,,,,1
USW00094728,40.77898,-73.96925,42.7,15-03-17,11.63,,0,0,5.9,,26,20,280,290,21,36,,,,,,1
USW00094728,40.77898,-73.96925,42.7,16-03-17,7.83,,0,0,5.1,,39,24,290,280,19.9,34,,,,,,
USW00094728,40.77898,-73.96925,42.7,17-03-17,6.49,,0,0,3.9,,47,29,280,290,15,21.9,,,,,,
USW00094728,40.77898,-73.96925,42.7,18-03-17,8.72,,0.08,0,3.1,,39,34,70,60,19.9,27.1,1,,,,,1
USW00094728,40.77898,-73.96925,42.7,19-03-17,8.28,,0,0,3.1,,47,34,60,70,18.1,29.1,,,,,,
USW00094728,40.77898,-73.96925,42.7,20-03-17,5.14,,0,0,0,,52,33,40,40,14.1,21.9,,,,,,
USW00094728,40.77898,-73.96925,42.7,21-03-17,4.03,,0,0,0,,59,42,270,270,13,18.1,,,,,,
USW00094728,40.77898,-73.96925,42.7,22-03-17,11.41,,0,0,0,,50,24,310,310,23.9,42.1,,,,,,
USW00094728,40.77898,-73.96925,42.7,23-03-17,4.92,,0,0,0,,42,23,310,310,13,17,,,,,,
USW00094728,40.77898,-73.96925,42.7,24-03-17,6.26,,0,0,0,,57,36,250,240,15,23,,,,,,
USW00094728,40.77898,-73.96925,42.7,25-03-17,6.71,,0.01,0,0,,62,42,30,260,16.1,23.9,1,,,,,
USW00094728,40.77898,-73.96925,42.7,26-03-17,8.28,,0.14,0,0,,42,37,70,70,18.1,23.9,1,,,,,
USW00094728,40.77898,-73.96925,42.7,27-03-17,4.25,,0.26,0,0,,53,37,60,50,12.1,17,1,,,,,1
USW00094728,40.77898,-73.96925,42.7,28-03-17,5.82,,0.72,0,0,,46,41,70,60,14.1,21,1,,,,,
USW00094728,40.77898,-73.96925,42.7,29-03-17,7.83,,0,0,0,,60,42,30,40,18.1,27.1,1,,,,,
USW00094728,40.77898,-73.96925,42.7,30-03-17,5.82,,0.01,0,0,,52,38,60,60,15,19.9,,,,,,
USW00094728,40.77898,-73.96925,42.7,31-03-17,10.29,,1.51,0,0,,43,37,70,60,25.9,40.9,1,,,,,
USW00094728,40.77898,-73.96925,42.7,01-04-17,7.61,,0,0,0,,48,37,70,60,25.9,38.9,1,,,,,
USW00094728,40.77898,-73.96925,42.7,02-04-17,5.37,,0,0,0,,63,40,290,310,14.1,23.9,,,,,,
USW00094728,40.77898,-73.96925,42.7,03-04-17,4.92,,0.03,0,0,,63,48,170,180,18.1,23.9,,,,,,
USW00094728,40.77898,-73.96925,42.7,04-04-17,6.93,,1.18,0,0,,51,45,80,90,18.1,25.1,1,,,,,
USW00094728,40.77898,-73.96925,42.7,05-04-17,3.36,,0,0,0,,65,45,120,170,14.1,25.1,1,,,,,1
USW00094728,40.77898,-73.96925,42.7,06-04-17,9.17,,0.73,0,0,,53,40,60,70,21.9,30,1,,,,,
USW00094728,40.77898,-73.96925,42.7,07-04-17,10.51,,0,0,0,,51,40,290,290,17,30,,,,,,
USW00094728,40.77898,-73.96925,42.7,08-04-17,8.28,,0,0,0,,57,40,310,300,17,28,,,,,,
USW00094728,40.77898,-73.96925,42.7,09-04-17,4.92,,0,0,0,,67,45,240,240,13,23,,,,,,
USW00094728,40.77898,-73.96925,42.7,10-04-17,6.04,,0,0,0,,74,53,160,230,13,19.9,,,,,,
USW00094728,40.77898,-73.96925,42.7,11-04-17,5.59,,0,0,0,,80,61,260,240,14.1,23,,,,,,
USW00094728,40.77898,-73.96925,42.7,12-04-17,2.91,,0.02,0,0,,76,58,40,300,10.1,21,,,,,,
USW00094728,40.77898,-73.96925,42.7,13-04-17,5.14,,0,0,0,,65,48,350,310,14.1,23,,,,,,
USW00094728,40.77898,-73.96925,42.7,14-04-17,3.8,,0,0,0,,66,48,180,180,10.1,18.1,,,,,,
USW00094728,40.77898,-73.96925,42.7,15-04-17,5.59,,0,0,0,,65,51,180,240,12.1,19,,,,,,
USW00094728,40.77898,-73.96925,42.7,16-04-17,7.38,,0,0,0,,87,59,310,310,21,36.9,,,,,,
USW00094728,40.77898,-73.96925,42.7,17-04-17,6.71,,0,0,0,,74,58,360,340,14.1,23.9,,,,,,
USW00094728,40.77898,-73.96925,42.7,18-04-17,6.93,,0,0,0,,65,47,170,170,15,23.9,,,,,,
USW00094728,40.77898,-73.96925,42.7,19-04-17,5.59,,0,0,0,,54,45,180,160,16.1,23,,,,,,
USW00094728,40.77898,-73.96925,42.7,20-04-17,4.03,,0.17,0,0,,66,50,140,150,13,19.9,1,,,,,1
USW00094728,40.77898,-73.96925,42.7,21-04-17,7.38,,0.29,0,0,,53,48,70,50,14.1,19,1,,,,,
USW00094728,40.77898,-73.96925,42.7,22-04-17,3.58,,0.11,0,0,,57,49,20,310,10.1,16.1,1,,,,,
USW00094728,40.77898,-73.96925,42.7,23-04-17,4.92,,0,0,0,,66,46,160,20,12.1,17,,,,,,
USW00094728,40.77898,-73.96925,42.7,24-04-17,3.58,,0,0,0,,60,48,60,60,10.1,14.1,,,,,,
USW00094728,40.77898,-73.96925,42.7,25-04-17,13.2,,0.91,0,0,,54,49,70,60,25.1,38.9,1,,,,,
USW00094728,40.77898,-73.96925,42.7,26-04-17,4.92,,0.34,0,0,,60,53,70,60,18.1,23.9,1,,,,,
USW00094728,40.77898,-73.96925,42.7,27-04-17,2.91,,0,0,0,,70,57,160,160,16.1,21.9,1,,,,,1
USW00094728,40.77898,-73.96925,42.7,28-04-17,3.13,,0,0,0,,85,58,210,190,12.1,19,1,,,,,1
USW00094728,40.77898,-73.96925,42.7,29-04-17,5.14,,0.06,0,0,,85,64,280,290,23,36.9,1,,,,,
USW00094728,40.77898,-73.96925,42.7,30-04-17,6.71,,0,0,0,,67,52,80,150,14.1,21.9,,,,,,
USW00094728,40.77898,-73.96925,42.7,01-05-17,5.14,,0,0,0,,74,49,180,180,12.1,21,1,,,,,1
USW00094728,40.77898,-73.96925,42.7,02-05-17,7.83,,0,0,0,,75,62,270,240,19.9,32,1,,,,,
USW00094728,40.77898,-73.96925,42.7,03-05-17,8.28,,0,0,0,,65,51,310,310,18.1,31.1,,,,,,
USW00094728,40.77898,-73.96925,42.7,04-05-17,5.37,,0,0,0,,64,47,170,160,13,21.9,,,,,,
USW00094728,40.77898,-73.96925,42.7,05-05-17,6.49,,3.02,0,0,,59,51,70,50,16.1,23,1,1,,,,
USW00094728,40.77898,-73.96925,42.7,06-05-17,6.04,,0.18,0,0,,67,52,180,170,15,25.9,1,,,,,
USW00094728,40.77898,-73.96925,42.7,07-05-17,5.59,,0.01,0,0,,56,47,280,270,14.1,21.9,,,,,,
USW00094728,40.77898,-73.96925,42.7,08-05-17,5.82,,0,0,0,,57,44,290,290,15,25.9,,,,,,
USW00094728,40.77898,-73.96925,42.7,09-05-17,4.47,,0,0,0,,63,47,50,60,12.1,17,,,,,,
USW00094728,40.77898,-73.96925,42.7,10-05-17,3.36,,0,0,0,,63,49,330,,6.9,,,,,,,
USW00094728,40.77898,-73.96925,42.7,11-05-17,3.58,,0,0,0,,62,51,170,,6.9,,,,,,,
USW00094728,40.77898,-73.96925,42.7,12-05-17,4.03,,0,0,0,,65,48,80,160,12.1,17,,,,,,
USW00094728,40.77898,-73.96925,42.7,13-05-17,7.61,,1.61,0,0,,53,45,50,50,18.1,31.1,1,,,,,
USW00094728,40.77898,-73.96925,42.7,14-05-17,5.37,,0.02,0,0,,67,46,310,290,15,30,,,,,,
USW00094728,40.77898,-73.96925,42.7,15-05-17,8.95,,0,0,0,,68,53,300,310,18.1,34,,,,,,
USW00094728,40.77898,-73.96925,42.7,16-05-17,4.25,,0,0,0,,79,56,300,290,12.1,18.1,,,,,,1
USW00094728,40.77898,-73.96925,42.7,17-05-17,5.59,,0,0,0,,90,65,250,240,12.1,23,,,,,,
USW00094728,40.77898,-73.96925,42.7,18-05-17,5.59,,0,0,0,,92,75,250,200,14.1,23,,,,,,
USW00094728,40.77898,-73.96925,42.7,19-05-17,6.26,,0,0,0,,91,66,40,40,16.1,25.1,,,,,,
USW00094728,40.77898,-73.96925,42.7,20-05-17,4.03,,0.01,0,0,,65,55,60,60,16.1,23,,,,,,1
USW00094728,40.77898,-73.96925,42.7,21-05-17,4.03,,0,0,0,,69,52,170,170,12.1,19,,,,,,
USW00094728,40.77898,-73.96925,42.7,22-05-17,2.68,,0.59,0,0,,61,53,140,140,10.1,16.1,1,,,,,
USW00094728,40.77898,-73.96925,42.7,23-05-17,2.24,,0,0,0,,69,56,20,20,10.1,15,1,,,,,
USW00094728,40.77898,-73.96925,42.7,24-05-17,4.92,,0.04,0,0,,69,56,60,80,14.1,19,1,,,,,
USW00094728,40.77898,-73.96925,42.7,25-05-17,8.05,,0.58,0,0,,59,56,50,80,16.1,28,1,,,,,
USW00094728,40.77898,-73.96925,42.7,26-05-17,4.92,,0.1,0,0,,73,56,290,270,16.1,25.1,1,,,,,
USW00094728,40.77898,-73.96925,42.7,27-05-17,3.13,,0,0,0,,71,59,120,290,8.1,13,,,,,,
USW00094728,40.77898,-73.96925,42.7,28-05-17,4.47,,0,0,0,,71,58,160,170,12.1,21,1,,,,,1
USW00094728,40.77898,-73.96925,42.7,29-05-17,5.14,,0.13,0,0,,61,56,60,80,12.1,14.1,1,,,,,
USW00094728,40.77898,-73.96925,42.7,30-05-17,2.68,,0.06,0,0,,60,55,160,150,12.1,17,1,,,,,
USW00094728,40.77898,-73.96925,42.7,31-05-17,2.46,,0.03,0,0,,75,58,60,50,12.1,17,1,,,,,
USW00094728,40.77898,-73.96925,42.7,01-06-17,3.8,,0,0,0,,79,59,280,270,13,21.9,,,,,,
USW00094728,40.77898,-73.96925,42.7,02-06-17,4.47,,0.01,0,0,,76,57,280,260,16.1,23.9,,,,,,
USW00094728,40.77898,-73.96925,42.7,03-06-17,3.58,,0.01,0,0,,73,55,300,320,13,23.9,,,,,,
USW00094728,40.77898,-73.96925,42.7,04-06-17,2.24,,0.09,0,0,,70,56,180,150,8.1,14.1,1,,,,,1
USW00094728,40.77898,-73.96925,42.7,05-06-17,4.92,,0.02,0,0,,67,58,70,60,16.1,21.9,1,,,,,1
USW00094728,40.77898,-73.96925,42.7,06-06-17,7.16,,0.06,0,0,,58,52,80,80,13,23,1,,,,,
USW00094728,40.77898,-73.96925,42.7,07-06-17,3.36,,0,0,0,,67,51,50,60,12.1,17,,,,,,
USW00094728,40.77898,-73.96925,42.7,08-06-17,3.8,,0,0,0,,69,55,160,140,8.9,15,,,,,,
USW00094728,40.77898,-73.96925,42.7,09-06-17,4.7,,0,0,0,,80,53,280,300,13,21,,,,,,
USW00094728,40.77898,-73.96925,42.7,10-06-17,3.58,,0,0,0,,85,66,250,260,14.1,23,,,,,,
USW00094728,40.77898,-73.96925,42.7,11-06-17,5.14,,0,0,0,,90,72,270,270,14.1,25.9,,,,,,
USW00094728,40.77898,-73.96925,42.7,12-06-17,3.8,,0,0,0,,93,76,270,260,12.1,18.1,,,,,,
USW00094728,40.77898,-73.96925,42.7,13-06-17,3.13,,0,0,0,,94,77,250,250,10.1,19.9,,,,,,
USW00094728,40.77898,-73.96925,42.7,14-06-17,4.7,,0.29,0,0,,84,69,50,50,13,19,1,,,,,
USW00094728,40.77898,-73.96925,42.7,15-06-17,4.25,,0,0,0,,76,64,170,160,12.1,19,,,,,,
USW00094728,40.77898,-73.96925,42.7,16-06-17,5.14,,0,0,0,,68,63,120,120,10.1,17,1,,,,,1
USW00094728,40.77898,-73.96925,42.7,17-06-17,2.24,,1.39,0,0,,74,66,170,140,6.9,11,1,,,,,1
USW00094728,40.77898,-73.96925,42.7,18-06-17,3.58,,0,0,0,,85,70,180,170,10.1,21,1,,,,,
USW00094728,40.77898,-73.96925,42.7,19-06-17,3.8,,1.35,0,0,,88,70,250,290,13,34,1,1,,,,1
USW00094728,40.77898,-73.96925,42.7,20-06-17,5.14,,0.03,0,0,,83,71,290,250,15,23.9,1,,,,,
USW00094728,40.77898,-73.96925,42.7,21-06-17,4.7,,0,0,0,,83,71,270,270,13,23,,,,,,
USW00094728,40.77898,-73.96925,42.7,22-06-17,2.24,,0,0,0,,83,68,240,180,8.1,19,,,,,,
USW00094728,40.77898,-73.96925,42.7,23-06-17,4.92,,0.04,0,0,,83,76,240,270,15,25.9,1,,,,,
USW00094728,40.77898,-73.96925,42.7,24-06-17,5.37,,1.29,0,0,,84,71,290,280,17,28,1,,,,,
USW00094728,40.77898,-73.96925,42.7,25-06-17,2.46,,0,0,0,,83,68,350,280,12.1,21.9,,,,,,
USW00094728,40.77898,-73.96925,42.7,26-06-17,3.13,,0,0,0,,79,64,270,180,12.1,19,,,,,,
USW00094728,40.77898,-73.96925,42.7,27-06-17,3.58,,0.18,0,0,,77,60,290,290,12.1,19.9,1,,,,,
USW00094728,40.77898,-73.96925,42.7,28-06-17,4.92,,0,0,0,,78,61,260,260,15,21.9,,,,,,
USW00094728,40.77898,-73.96925,42.7,29-06-17,5.37,,0,0,0,,82,68,240,240,12.1,21.9,,,,,,
USW00094728,40.77898,-73.96925,42.7,30-06-17,5.82,,0,0,0,,88,73,230,250,13,23.9,,,,,,
USW00094728,40.77898,-73.96925,42.7,01-07-17,4.03,,0.23,0,0,,85,71,260,200,14.1,23.9,1,,,,,1
USW00094728,40.77898,-73.96925,42.7,02-07-17,4.92,,0,0,0,,87,72,270,260,12.1,19,1,,,,,
USW00094728,40.77898,-73.96925,42.7,03-07-17,1.79,,0.45,0,0,,88,71,340,320,16.1,28,1,,,,,1
USW00094728,40.77898,-73.96925,42.7,04-07-17,2.68,,0,0,0,,85,70,260,80,8.1,11,,,,,,1
USW00094728,40.77898,-73.96925,42.7,05-07-17,4.92,,0,0,0,,85,70,160,180,12.1,19,,,,,,
USW00094728,40.77898,-73.96925,42.7,06-07-17,3.58,,0,0,0,,77,71,160,150,10.1,14.1,,,,,,
USW00094728,40.77898,-73.96925,42.7,07-07-17,5.37,,1.78,0,0,,80,68,70,310,14.1,21.9,1,1,,,,
USW00094728,40.77898,-73.96925,42.7,08-07-17,3.36,,0,0,0,,84,69,280,260,16.1,23,1,,,,,
USW00094728,40.77898,-73.96925,42.7,09-07-17,3.58,,0,0,0,,81,67,270,290,12.1,17,,,,,,
USW00094728,40.77898,-73.96925,42.7,10-07-17,3.36,,0,0,0,,84,68,150,170,10.1,19.9,,,,,,1
USW00094728,40.77898,-73.96925,42.7,11-07-17,3.13,,0,0,0,,85,75,260,260,13,21.9,,,,,,
USW00094728,40.77898,-73.96925,42.7,12-07-17,5.14,,0,0,0,,88,77,270,260,16.1,25.1,,,,,,
USW00094728,40.77898,-73.96925,42.7,13-07-17,4.92,,0,0,0,,90,73,260,270,14.1,21.9,,,,,,
USW00094728,40.77898,-73.96925,42.7,14-07-17,4.7,,0.35,0,0,,73,65,70,70,13,17,1,,,,,
USW00094728,40.77898,-73.96925,42.7,15-07-17,3.36,,0,0,0,,84,68,280,290,12.1,17,1,,,,,
USW00094728,40.77898,-73.96925,42.7,16-07-17,2.68,,0,0,0,,87,68,160,150,8.9,16.1,,,,,,
USW00094728,40.77898,-73.96925,42.7,17-07-17,2.68,,0,0,0,,85,73,160,170,12.1,21,,,,,,
USW00094728,40.77898,-73.96925,42.7,18-07-17,2.91,,0,0,0,,88,73,230,240,10.1,18.1,,,,,,
USW00094728,40.77898,-73.96925,42.7,19-07-17,3.13,,0,0,0,,92,77,280,280,12.1,16.1,,,,,,
USW00094728,40.77898,-73.96925,42.7,20-07-17,2.91,,0.01,0,0,,94,77,280,250,12.1,17,,,,,,
USW00094728,40.77898,-73.96925,42.7,21-07-17,3.8,,0,0,0,,92,76,280,260,10.1,18.1,,,,,,
USW00094728,40.77898,-73.96925,42.7,22-07-17,2.46,,0.57,0,0,,92,71,170,150,8.1,13,1,,,,,
USW00094728,40.77898,-73.96925,42.7,23-07-17,2.68,,0.06,0,0,,79,71,150,160,10.1,17,1,,,,,1
USW00094728,40.77898,-73.96925,42.7,24-07-17,6.71,,0.74,0,0,,73,63,70,80,15,23,1,,,,,
USW00094728,40.77898,-73.96925,42.7,25-07-17,5.14,,0,0,0,,71,62,60,60,10.1,14.1,,,,,,
USW00094728,40.77898,-73.96925,42.7,26-07-17,3.8,,0,0,0,,77,65,70,180,8.9,17,,,,,,
USW00094728,40.77898,-73.96925,42.7,27-07-17,2.46,,0,0,0,,78,65,260,240,8.9,17,,,,,,
USW00094728,40.77898,-73.96925,42.7,28-07-17,2.91,,0,0,0,,85,71,50,30,12.1,17,1,,,,,1
USW00094728,40.77898,-73.96925,42.7,29-07-17,9.4,,0,0,0,,77,67,60,60,17,25.1,,,,,,
USW00094728,40.77898,-73.96925,42.7,30-07-17,4.25,,0,0,0,,82,64,60,50,12.1,16.1,,,,,,
USW00094728,40.77898,-73.96925,42.7,31-07-17,2.01,,0,0,0,,88,66,70,260,8.9,14.1,,,,,,
USW00094728,40.77898,-73.96925,42.7,01-08-17,2.68,,0,0,0,,92,71,150,240,8.1,14.1,,,,,,
USW00094728,40.77898,-73.96925,42.7,02-08-17,1.57,,0.09,0,0,,86,69,310,320,12.1,19,1,,,,,1
USW00094728,40.77898,-73.96925,42.7,03-08-17,1.79,,0,0,0,,87,68,160,150,8.9,19,1,,,,,1
USW00094728,40.77898,-73.96925,42.7,04-08-17,4.25,,0.15,0,0,,84,69,160,140,13,21.9,1,,,,,
USW00094728,40.77898,-73.96925,42.7,05-08-17,4.47,,0.3,0,0,,78,69,290,290,14.1,21.9,1,,,,,1
USW00094728,40.77898,-73.96925,42.7,06-08-17,3.8,,0,0,0,,76,64,280,330,10.1,16.1,,,,,,
USW00094728,40.77898,-73.96925,42.7,07-08-17,2.46,,0.76,0,0,,71,64,150,170,8.9,18.1,1,,,,,
USW00094728,40.77898,-73.96925,42.7,08-08-17,2.91,,0,0,0,,78,65,60,20,8.9,15,1,,,,,
USW00094728,40.77898,-73.96925,42.7,09-08-17,1.34,,0,0,0,,85,64,180,200,8.1,14.1,,,,,,
USW00094728,40.77898,-73.96925,42.7,10-08-17,2.24,,0,0,0,,83,68,160,150,8.9,16.1,,,,,,
USW00094728,40.77898,-73.96925,42.7,11-08-17,2.68,,0,0,0,,82,69,160,160,12.1,18.1,,,,,,
USW00094728,40.77898,-73.96925,42.7,12-08-17,3.36,,0.11,0,0,,77,64,140,180,8.9,16.1,1,,,,,
USW00094728,40.77898,-73.96925,42.7,13-08-17,3.8,,0,0,0,,83,71,20,280,10.1,17,,,,,,
USW00094728,40.77898,-73.96925,42.7,14-08-17,2.24,,0,0,0,,80,70,250,170,8.9,13,,,,,,
USW00094728,40.77898,-73.96925,42.7,15-08-17,1.12,,0.45,0,0,,74,68,230,250,8.1,13,1,,,,,
USW00094728,40.77898,-73.96925,42.7,16-08-17,2.24,,0,0,0,,87,70,60,290,10.1,15,1,,,,,
USW00094728,40.77898,-73.96925,42.7,17-08-17,3.13,,0,0,0,,83,69,160,160,10.1,16.1,1,,,,,
USW00094728,40.77898,-73.96925,42.7,18-08-17,3.36,,0.88,0,0,,82,73,250,240,10.1,19,1,1,,,,
USW00094728,40.77898,-73.96925,42.7,19-08-17,2.91,,0,0,0,,86,73,260,260,12.1,17,1,,,,,
USW00094728,40.77898,-73.96925,42.7,20-08-17,4.47,,0,0,0,,81,69,290,340,10.1,18.1,,,,,,
USW00094728,40.77898,-73.96925,42.7,21-08-17,3.36,,0,0,0,,87,71,240,250,12.1,19,,,,,,
USW00094728,40.77898,-73.96925,42.7,22-08-17,5.14,,0.3,0,0,,89,72,250,270,14.1,25.1,1,,,,,1
USW00094728,40.77898,-73.96925,42.7,23-08-17,4.03,,0,0,0,,81,70,280,310,10.1,19.9,1,,,,,
USW00094728,40.77898,-73.96925,42.7,24-08-17,3.13,,0,0,0,,80,65,360,280,10.1,15,,,,,,
USW00094728,40.77898,-73.96925,42.7,25-08-17,2.46,,0,0,0,,78,63,60,50,8.9,15,,,,,,
USW00094728,40.77898,-73.96925,42.7,26-08-17,3.8,,0,0,0,,78,62,40,60,8.9,14.1,,,,,,
USW00094728,40.77898,-73.96925,42.7,27-08-17,4.47,,0,0,0,,78,63,70,60,13,17,,,,,,
USW00094728,40.77898,-73.96925,42.7,28-08-17,6.26,,0,0,0,,76,63,70,50,16.1,21.9,,,,,,1
USW00094728,40.77898,-73.96925,42.7,29-08-17,8.05,,0.29,0,0,,68,61,80,90,16.1,25.1,1,,,,,
USW00094728,40.77898,-73.96925,42.7,30-08-17,5.14,,0.01,0,0,,78,60,40,30,13,18.1,1,,,,,
USW00094728,40.77898,-73.96925,42.7,31-08-17,3.8,,0,0,0,,81,64,270,270,14.1,23,,,,,,
USW00094728,40.77898,-73.96925,42.7,01-09-17,4.92,,0,0,0,,71,55,300,280,10.1,19,,,,,,
USW00094728,40.77898,-73.96925,42.7,02-09-17,5.59,,0.53,0,0,,68,54,120,110,10.1,17,1,,,,,
USW00094728,40.77898,-73.96925,42.7,03-09-17,5.59,,0.74,0,0,,69,59,100,120,12.1,19,1,,,,,
USW00094728,40.77898,-73.96925,42.7,04-09-17,4.7,,0,0,0,,80,61,240,270,12.1,21.9,,,,,,
USW00094728,40.77898,-73.96925,42.7,05-09-17,3.13,,0,0,0,,85,69,290,280,15,25.1,,,,,,
USW00094728,40.77898,-73.96925,42.7,06-09-17,3.8,,0.42,0,0,,72,61,60,30,14.1,21.9,1,,,,,
USW00094728,40.77898,-73.96925,42.7,07-09-17,4.92,,0.01,0,0,,71,59,250,260,14.1,25.9,1,,,,,
USW00094728,40.77898,-73.96925,42.7,08-09-17,3.8,,0,0,0,,71,58,280,280,13,21.9,,,,,,
USW00094728,40.77898,-73.96925,42.7,09-09-17,4.03,,0,0,0,,70,55,70,40,12.1,18.1,,,,,,
USW00094728,40.77898,-73.96925,42.7,10-09-17,5.82,,0,0,0,,72,57,50,60,15,21,,,,,,
USW00094728,40.77898,-73.96925,42.7,11-09-17,2.01,,0,0,0,,76,55,10,30,8.9,12.1,,,,,,
USW00094728,40.77898,-73.96925,42.7,12-09-17,1.34,,0,0,0,,78,59,260,260,8.1,15,,,,,,
USW00094728,40.77898,-73.96925,42.7,13-09-17,2.46,,0.06,0,0,,83,64,250,260,8.9,17,1,,,,,
USW00094728,40.77898,-73.96925,42.7,14-09-17,2.24,,0.02,0,0,,81,70,150,240,10.1,18.1,1,,,,,
USW00094728,40.77898,-73.96925,42.7,15-09-17,1.57,,0,0,0,,81,67,250,250,8.1,12.1,,,,,,
USW00094728,40.77898,-73.96925,42.7,16-09-17,2.91,,0,0,0,,82,70,150,160,8.9,14.1,1,,,,,1
USW00094728,40.77898,-73.96925,42.7,17-09-17,2.68,,0,0,0,,81,68,170,170,8.1,13,1,,,,,1
USW00094728,40.77898,-73.96925,42.7,18-09-17,6.93,,0,0,0,,73,68,70,80,13,18.1,1,,,,,
USW00094728,40.77898,-73.96925,42.7,19-09-17,9.84,,0.22,0,0,,78,69,60,50,21,29.1,1,,,,,
USW00094728,40.77898,-73.96925,42.7,20-09-17,6.26,,0,0,0,,79,71,10,30,15,25.1,,,,,,
USW00094728,40.77898,-73.96925,42.7,21-09-17,5.59,,0,0,0,,80,71,50,10,13,19.9,,,,,,
USW00094728,40.77898,-73.96925,42.7,22-09-17,7.16,,0,0,0,,82,66,20,30,14.1,23,,,,,,
USW00094728,40.77898,-73.96925,42.7,23-09-17,4.7,,0,0,0,,87,68,60,40,12.1,18.1,,,,,,
USW00094728,40.77898,-73.96925,42.7,24-09-17,1.57,,0,0,0,,91,69,30,30,8.9,12.1,,,,,,
USW00094728,40.77898,-73.96925,42.7,25-09-17,2.91,,0,0,0,,88,70,50,150,8.9,14.1,,,,,,
USW00094728,40.77898,-73.96925,42.7,26-09-17,2.01,,0,0,0,,84,68,70,60,8.1,12.1,1,,,,,1
USW00094728,40.77898,-73.96925,42.7,27-09-17,3.8,,0,0,0,,87,69,60,50,12.1,16.1,,,,,,
USW00094728,40.77898,-73.96925,42.7,28-09-17,5.82,,0,0,0,,79,59,300,310,15,23.9,1,,,,,
USW00094728,40.77898,-73.96925,42.7,29-09-17,2.46,,0,0,0,,68,55,270,280,8.9,15,,,,,,
USW00094728,40.77898,-73.96925,42.7,30-09-17,6.26,,0,0,0,,66,54,60,30,17,23,,,,,,
USW00094728,40.77898,-73.96925,42.7,01-10-17,2.91,,0,0,0,,68,50,50,50,10.1,13,,,,,,
USW00094728,40.77898,-73.96925,42.7,02-10-17,2.46,,0,0,0,,73,52,60,180,8.1,13,,,,,,
USW00094728,40.77898,-73.96925,42.7,03-10-17,3.13,,0,0,0,,71,57,150,260,8.9,17,,,,,,1
USW00094728,40.77898,-73.96925,42.7,04-10-17,4.92,,0,0,0,,75,56,260,260,14.1,21.9,,,,,,
USW00094728,40.77898,-73.96925,42.7,05-10-17,4.92,,0,0,0,,83,65,260,250,14.1,23,,,,,,
USW00094728,40.77898,-73.96925,42.7,06-10-17,2.46,,0,0,0,,82,68,280,290,10.1,16.1,,,,,,
USW00094728,40.77898,-73.96925,42.7,07-10-17,4.03,,0,0,0,,81,66,150,150,10.1,16.1,1,,,,,1
USW00094728,40.77898,-73.96925,42.7,08-10-17,4.92,,0.22,0,0,,77,72,240,240,12.1,21,1,,,,,
USW00094728,40.77898,-73.96925,42.7,09-10-17,4.92,,0.26,0,0,,77,71,170,150,12.1,25.1,1,,,,,
USW00094728,40.77898,-73.96925,42.7,10-10-17,2.91,,0,0,0,,81,66,290,320,8.9,16.1,,,,,,
USW00094728,40.77898,-73.96925,42.7,11-10-17,5.82,,0.06,0,0,,77,60,60,90,14.1,19,1,,,,,
USW00094728,40.77898,-73.96925,42.7,12-10-17,8.72,,0.07,0,0,,64,55,60,80,18.1,27.1,1,,,,,
USW00094728,40.77898,-73.96925,42.7,13-10-17,6.04,,0,0,0,,67,52,60,120,12.1,16.1,1,,,,,1
USW00094728,40.77898,-73.96925,42.7,14-10-17,2.46,,0.08,0,0,,72,61,70,60,8.1,11,1,,,,,1
USW00094728,40.77898,-73.96925,42.7,15-10-17,4.25,,0,0,0,,74,65,240,260,15,23,1,,,,,
USW00094728,40.77898,-73.96925,42.7,16-10-17,6.71,,0.01,0,0,,69,46,300,99,13,19.9,,,,,,
USW00094728,40.77898,-73.96925,42.7,17-10-17,4.03,,0,0,0,,58,42,250,250,10.1,17,,,,,,
USW00094728,40.77898,-73.96925,42.7,18-10-17,3.8,,0,0,0,,72,50,250,240,10.1,16.1,,,,,,1
USW00094728,40.77898,-73.96925,42.7,19-10-17,4.47,,0,0,0,,71,56,250,250,13,18.1,,,,,,
USW00094728,40.77898,-73.96925,42.7,20-10-17,4.03,,0,0,0,,73,57,310,300,12.1,19,,,,,,1
USW00094728,40.77898,-73.96925,42.7,21-10-17,2.24,,0,0,0,,78,56,260,250,8.1,14.1,,,,,,
USW00094728,40.77898,-73.96925,42.7,22-10-17,1.57,,0,0,0,,76,57,150,170,8.1,12.1,,,,,,1
USW00094728,40.77898,-73.96925,42.7,23-10-17,3.58,,0,0,0,,74,61,150,160,8.1,19.9,,,,,,
USW00094728,40.77898,-73.96925,42.7,24-10-17,5.59,,0.2,0,0,,74,67,180,180,16.1,30,1,,,,,
USW00094728,40.77898,-73.96925,42.7,25-10-17,2.01,,0,0,0,,67,57,280,300,8.9,17,1,,,,,
USW00094728,40.77898,-73.96925,42.7,26-10-17,6.04,,0,0,0,,58,50,280,310,13,23,,,,,,
USW00094728,40.77898,-73.96925,42.7,27-10-17,3.8,,0,0,0,,62,47,260,210,10.1,17,,,,,,1
USW00094728,40.77898,-73.96925,42.7,28-10-17,4.92,,0,0,0,,69,55,180,210,12.1,21.9,,,,,,
USW00094728,40.77898,-73.96925,42.7,29-10-17,6.71,,3.03,0,0,,67,60,260,260,18.1,36,1,1,,,,
USW00094728,40.77898,-73.96925,42.7,30-10-17,8.72,,0.25,0,0,,61,46,280,270,19.9,35.1,1,,,,,
USW00094728,40.77898,-73.96925,42.7,31-10-17,5.82,,0,0,0,,57,45,260,260,17,25.1,,,,,,
USW00094728,40.77898,-73.96925,42.7,01-11-17,2.46,,0,0,0,,59,43,140,130,10.1,16.1,,,,,,
USW00094728,40.77898,-73.96925,42.7,02-11-17,2.46,,0,0,0,,72,58,160,200,8.9,17,1,,,,,
USW00094728,40.77898,-73.96925,42.7,03-11-17,5.59,,0,0,0,,74,51,310,300,15,21.9,,,,,,1
USW00094728,40.77898,-73.96925,42.7,04-11-17,5.82,,0,0,0,,56,46,50,70,13,18.1,,,,,,
USW00094728,40.77898,-73.96925,42.7,05-11-17,4.25,,0.02,0,0,,61,51,120,100,12.1,17,1,,,,,
USW00094728,40.77898,-73.96925,42.7,06-11-17,4.92,,0.01,0,0,,66,46,310,310,13,21,1,,,,,
USW00094728,40.77898,-73.96925,42.7,07-11-17,6.49,,0.7,0,0,,49,40,50,40,13,21.9,1,,,,,
USW00094728,40.77898,-73.96925,42.7,08-11-17,5.37,,0,0,0,,49,39,50,50,14.1,21,,,,,,
USW00094728,40.77898,-73.96925,42.7,09-11-17,3.36,,0,0,0,,55,39,280,260,10.1,18.1,,,,,,1
USW00094728,40.77898,-73.96925,42.7,10-11-17,9.4,,0.01,0,0,,51,25,310,290,18.1,33.1,1,,,,,
USW00094728,40.77898,-73.96925,42.7,11-11-17,4.7,,0,0,0,,38,24,50,320,13,19.9,,,,,,
USW00094728,40.77898,-73.96925,42.7,12-11-17,1.79,,0,0,0,,46,32,260,260,10.1,14.1,,,,,,
USW00094728,40.77898,-73.96925,42.7,13-11-17,3.58,,0.07,0,0,,47,39,50,50,12.1,15,1,,,,,1
USW00094728,40.77898,-73.96925,42.7,14-11-17,4.92,,0,0,0,,48,35,70,50,12.1,16.1,,,,,,
USW00094728,40.77898,-73.96925,42.7,15-11-17,5.14,,0,0,0,,51,37,130,150,10.1,17,,,,,,
USW00094728,40.77898,-73.96925,42.7,16-11-17,6.49,,0.2,0,0,,57,43,290,280,15,30,1,,,,,
USW00094728,40.77898,-73.96925,42.7,17-11-17,7.83,,0,0,0,,47,37,300,320,12.1,31.1,,,,,,
USW00094728,40.77898,-73.96925,42.7,18-11-17,3.36,,0.1,0,0,,56,34,180,170,8.1,18.1,1,,,,,
USW00094728,40.77898,-73.96925,42.7,19-11-17,9.62,,0.23,0,0,,59,38,290,290,19.9,38.9,,,,,,
USW00094728,40.77898,-73.96925,42.7,20-11-17,6.71,,0,0,0,,47,36,290,260,16.1,27.1,,,,,,
USW00094728,40.77898,-73.96925,42.7,21-11-17,5.14,,0,0,0,,58,42,220,240,14.1,23,,,,,,
USW00094728,40.77898,-73.96925,42.7,22-11-17,6.71,,0.21,0,0,,56,35,310,300,17,29.1,1,,,,,
USW00094728,40.77898,-73.96925,42.7,23-11-17,4.7,,0,0,0,,43,31,320,300,8.9,21.9,,,,,,
USW00094728,40.77898,-73.96925,42.7,24-11-17,3.8,,0,0,0,,50,35,250,260,8.9,18.1,,,,,,
USW00094728,40.77898,-73.96925,42.7,25-11-17,4.03,,0,0,0,,57,43,250,250,8.9,25.1,,,,,,
USW00094728,40.77898,-73.96925,42.7,26-11-17,6.71,,0,0,0,,51,40,310,310,17,28,,,,,,
USW00094728,40.77898,-73.96925,42.7,27-11-17,6.49,,0,0,0,,51,39,320,290,14.1,23.9,,,,,,
USW00094728,40.77898,-73.96925,42.7,28-11-17,4.47,,0,0,0,,54,36,240,250,13,23,,,,,,
USW00094728,40.77898,-73.96925,42.7,29-11-17,5.37,,0,0,0,,63,42,310,320,15,30,,,,,,1
USW00094728,40.77898,-73.96925,42.7,30-11-17,4.47,,0.03,0,0,,53,38,80,100,14.1,18.1,,,,,,
USW00094728,40.77898,-73.96925,42.7,01-12-17,5.37,,0,0,0,,52,42,80,20,12.1,19.9,,,,,,
USW00094728,40.77898,-73.96925,42.7,02-12-17,3.13,,0,0,0,,48,39,80,70,12.1,15,,,,,,
USW00094728,40.77898,-73.96925,42.7,03-12-17,2.01,,0,0,0,,48,42,100,100,8.9,8.9,,,,,,
USW00094728,40.77898,-73.96925,42.7,04-12-17,3.58,,0,0,0,,51,40,150,180,10.1,16.1,1,,,,,1
USW00094728,40.77898,-73.96925,42.7,05-12-17,6.71,,0.75,0,0,,61,50,170,170,14.1,21.9,1,,,,,
USW00094728,40.77898,-73.96925,42.7,06-12-17,7.61,,0,0,0,,59,40,260,290,16.1,27.1,,,,,,
USW00094728,40.77898,-73.96925,42.7,07-12-17,6.71,,0,0,0,,44,37,290,250,17,31.1,,,,,,
USW00094728,40.77898,-73.96925,42.7,08-12-17,4.92,,0,0,0,,39,34,280,290,12.1,18.1,,,,,,
USW00094728,40.77898,-73.96925,42.7,09-12-17,4.25,,0.46,4.6,0,,35,30,40,40,10.1,16.1,1,1,,,,1
USW00094728,40.77898,-73.96925,42.7,10-12-17,6.49,,0,0,3.9,,39,29,260,250,15,23.9,1,,,,,1
USW00094728,40.77898,-73.96925,42.7,11-12-17,5.37,,0,0,2,,41,33,240,260,13,21.9,,,,,,
USW00094728,40.77898,-73.96925,42.7,12-12-17,7.38,,0,0,0,,50,29,280,300,17,33.1,1,,,,,1
USW00094728,40.77898,-73.96925,42.7,13-12-17,10.74,,0,0,0,,31,20,290,290,21.9,40,,,,,,1
USW00094728,40.77898,-73.96925,42.7,14-12-17,5.82,,0.09,1.2,1.2,,32,22,310,310,16.1,23.9,1,,,,,1
USW00094728,40.77898,-73.96925,42.7,15-12-17,3.8,,0.11,1.2,1.2,,28,20,270,250,12.1,19,1,,,,,1
USW00094728,40.77898,-73.96925,42.7,16-12-17,6.71,,0,0,2,,39,23,240,240,17,32,,,,,,
USW00094728,40.77898,-73.96925,42.7,17-12-17,2.91,,0,0,1.2,,38,32,350,10,8.9,12.1,,,,,,
USW00094728,40.77898,-73.96925,42.7,18-12-17,4.92,,0.02,0,0,,47,34,250,250,13,19.9,1,,,,,1
USW00094728,40.77898,-73.96925,42.7,19-12-17,7.61,,0,0,0,,55,45,250,260,16.1,30,,,,,,
USW00094728,40.77898,-73.96925,42.7,20-12-17,7.38,,0,0,0,,51,34,310,330,16.1,28,,,,,,
USW00094728,40.77898,-73.96925,42.7,21-12-17,4.03,,0,0,0,,39,32,320,290,10.1,15,,,,,,
USW00094728,40.77898,-73.96925,42.7,22-12-17,4.03,,0,0,0,,50,35,150,180,10.1,15,1,,,,,
USW00094728,40.77898,-73.96925,42.7,23-12-17,4.92,,0.49,0,0,,48,38,300,310,13,19.9,1,,,,,
USW00094728,40.77898,-73.96925,42.7,24-12-17,7.83,,0.01,0,0,,41,36,70,310,15,23,1,,,,,
USW00094728,40.77898,-73.96925,42.7,25-12-17,10.96,,0.23,0,0,,38,28,290,280,23.9,38.9,1,,,,,
USW00094728,40.77898,-73.96925,42.7,26-12-17,8.72,,0,0,0,,28,23,280,260,18.1,30,,,,,,
USW00094728,40.77898,-73.96925,42.7,27-12-17,6.26,,0,0,0,,24,17,280,310,14.1,21.9,,,,,,
USW00094728,40.77898,-73.96925,42.7,28-12-17,8.05,,0,0,0,,18,11,310,300,17,30,,,,,,
USW00094728,40.77898,-73.96925,42.7,29-12-17,6.71,,0,0,0,,22,11,290,280,13,21,,,,,,
USW00094728,40.77898,-73.96925,42.7,30-12-17,5.37,,0.05,0.7,0,,23,17,290,250,14.1,23,1,,,,,1
USW00094728,40.77898,-73.96925,42.7,31-12-17,9.17,1509,0,0,0,,21,9,300,300,17,27.1,,,,,,
USW00094728,40.77898,-73.96925,42.7,01-01-18,7.83,,0,0,0,,19,7,300,300,15,25.1,,,,,,
USW00094728,40.77898,-73.96925,42.7,02-01-18,8.05,,0,0,0,,26,13,260,250,16.1,28,,,,,,
USW00094728,40.77898,-73.96925,42.7,03-01-18,3.13,,0,0,0,,30,16,260,270,14.1,21.9,,,,,,
USW00094728,40.77898,-73.96925,42.7,04-01-18,12.53,,0.76,9.8,1.2,,29,19,310,310,23.9,42.9,1,1,,,,1
USW00094728,40.77898,-73.96925,42.7,05-01-18,12.97,,0,0,7.1,,19,9,280,280,21,35.1,,,,,,
USW00094728,40.77898,-73.96925,42.7,06-01-18,10.96,,0,0,5.9,,13,6,310,310,19.9,31.1,,,,,,
USW00094728,40.77898,-73.96925,42.7,07-01-18,6.49,,0,0,5.9,,18,5,250,250,16.1,28,,,,,,
USW00094728,40.77898,-73.96925,42.7,08-01-18,5.82,,0.01,0,5.1,,31,17,250,240,15,27.1,,,,,,1
USW00094728,40.77898,-73.96925,42.7,09-01-18,6.71,,0,0,5.1,,44,30,310,330,15,27.1,,,,,,
USW00094728,40.77898,-73.96925,42.7,10-01-18,4.25,,0,0,3.9,,43,30,150,180,10.1,14.1,,,,,,
USW00094728,40.77898,-73.96925,42.7,11-01-18,3.13,,0,0,3.1,,53,41,160,170,12.1,19,1,,,,,1
USW00094728,40.77898,-73.96925,42.7,12-01-18,6.93,,0.54,0,0,,61,44,170,170,14.1,25.1,1,,,,,
USW00094728,40.77898,-73.96925,42.7,13-01-18,9.62,,0.05,0,0,,58,19,310,280,18.1,30,1,,,,,
USW00094728,40.77898,-73.96925,42.7,14-01-18,8.05,,0,0,0,,25,15,20,330,15,23,,,,,,
USW00094728,40.77898,-73.96925,42.7,15-01-18,8.05,,0,0,0,,30,16,50,50,16.1,21,,,,,,
USW00094728,40.77898,-73.96925,42.7,16-01-18,4.03,,0,0,0,,36,25,50,90,8.1,11,,,,,,
USW00094728,40.77898,-73.96925,42.7,17-01-18,6.04,,0.19,0.4,0,,36,22,310,300,13,19.9,1,,,,,1
USW00094728,40.77898,-73.96925,42.7,18-01-18,7.83,,0,0,0,,32,18,310,320,14.1,21,,,,,,
USW00094728,40.77898,-73.96925,42.7,19-01-18,5.37,,0,0,0,,41,24,250,260,13,23,,,,,,
USW00094728,40.77898,-73.96925,42.7,20-01-18,8.5,,0,0,0,,52,38,290,250,19.9,29.1,,,,,,
USW00094728,40.77898,-73.96925,42.7,21-01-18,2.91,,0,0,0,,50,42,280,270,8.9,14.1,,,,,,
USW00094728,40.77898,-73.96925,42.7,22-01-18,5.37,,0.01,0,0,,49,38,60,50,14.1,18.1,1,,,,,1
USW00094728,40.77898,-73.96925,42.7,23-01-18,6.26,,0.3,0,0,,60,38,280,290,21.9,38,1,,,,,
USW00094728,40.77898,-73.96925,42.7,24-01-18,9.4,,0,0,0,,44,27,290,280,16.1,25.9,,,,,,
USW00094728,40.77898,-73.96925,42.7,25-01-18,6.71,,0,0,0,,34,23,310,320,15,25.1,,,,,,
USW00094728,40.77898,-73.96925,42.7,26-01-18,3.8,,0,0,0,,38,26,170,180,13,19.9,,,,,,
USW00094728,40.77898,-73.96925,42.7,27-01-18,6.49,,0,0,0,,56,35,250,240,15,25.9,,,,,,
USW00094728,40.77898,-73.96925,42.7,28-01-18,3.8,,0.21,0,0,,55,46,250,250,13,19,1,,,,,
USW00094728,40.77898,-73.96925,42.7,29-01-18,9.17,,0,0.1,0,,47,35,60,50,21,28,,,,,,1
USW00094728,40.77898,-73.96925,42.7,30-01-18,7.61,,0.11,0.9,0,,36,24,310,300,17,31.1,1,,,,,1
USW00094728,40.77898,-73.96925,42.7,31-01-18,6.71,,0,0,0,,33,18,250,240,15,27.1,,,,,,1
USW00094728,40.77898,-73.96925,42.7,01-02-18,3.8,,0.05,0,0,,45,32,250,250,13,21,,,,,,
USW00094728,40.77898,-73.96925,42.7,02-02-18,9.17,,0.18,0,0,,41,17,290,280,19.9,33.1,1,,,,,
USW00094728,40.77898,-73.96925,42.7,03-02-18,7.61,,0,0,0,,31,16,230,270,16.1,28,,,,,,
USW00094728,40.77898,-73.96925,42.7,04-02-18,4.03,,0.96,0,0,,46,30,230,240,14.1,23,1,,,,,1
USW00094728,40.77898,-73.96925,42.7,05-02-18,7.61,,0,0,0,,40,26,310,280,17,30,1,,,,,
USW00094728,40.77898,-73.96925,42.7,06-02-18,4.03,,0,0,0,,37,26,260,260,14.1,19,,,,,,
USW00094728,40.77898,-73.96925,42.7,07-02-18,6.71,,0.85,0.5,0,,45,30,310,310,17,28,1,1,,,1,1
USW00094728,40.77898,-73.96925,42.7,08-02-18,6.71,,0,0,0,,33,25,310,310,18.1,27.1,,,,,,
USW00094728,40.77898,-73.96925,42.7,09-02-18,4.92,,0,0,0,,39,26,160,300,13,21,,,,,,
USW00094728,40.77898,-73.96925,42.7,10-02-18,2.24,,0.58,0,0,,50,39,180,200,8.1,14.1,1,,,,,
USW00094728,40.77898,-73.96925,42.7,11-02-18,3.13,,1.21,0,0,,62,45,180,160,10.1,17,1,,,,,
USW00094728,40.77898,-73.96925,42.7,12-02-18,7.16,,0,0,0,,62,32,360,300,15,21.9,,,,,,
USW00094728,40.77898,-73.96925,42.7,13-02-18,5.59,,0,0,0,,38,26,360,10,15,21,,,,,,
USW00094728,40.77898,-73.96925,42.7,14-02-18,5.37,,0.08,0,0,,53,35,250,240,14.1,19.9,,,,,,
USW00094728,40.77898,-73.96925,42.7,15-02-18,5.14,,0.16,0,0,,62,46,250,250,13,21,1,,,,,1
USW00094728,40.77898,-73.96925,42.7,16-02-18,6.93,,0.09,0,0,,58,36,320,300,19.9,36.9,1,,,,,
USW00094728,40.77898,-73.96925,42.7,17-02-18,4.47,,0.52,4.4,0,,40,28,170,310,15,21,1,,,,,1
USW00094728,40.77898,-73.96925,42.7,18-02-18,5.82,,0.01,0,3.1,,44,33,310,320,14.1,27.1,1,,,,,
USW00094728,40.77898,-73.96925,42.7,19-02-18,4.25,,0.04,0,0,,49,36,160,190,12.1,18.1,1,,,,,
USW00094728,40.77898,-73.96925,42.7,20-02-18,6.04,,0,0,0,,67,47,260,260,15,21,1,,,,,
USW00094728,40.77898,-73.96925,42.7,21-02-18,5.82,,0.06,0,0,,78,55,250,240,15,25.9,1,,,,,
USW00094728,40.77898,-73.96925,42.7,22-02-18,8.28,,0.17,0,0,,59,37,50,10,16.1,23,1,,,,,
USW00094728,40.77898,-73.96925,42.7,23-02-18,6.26,,0.06,0,0,,42,36,250,260,14.1,21,1,,,,,
USW00094728,40.77898,-73.96925,42.7,24-02-18,5.37,,0.08,0,0,,55,42,260,270,14.1,21.9,1,,,,,
USW00094728,40.77898,-73.96925,42.7,25-02-18,6.26,,0.73,0,0,,44,40,50,60,16.1,23.9,1,,,,,
USW00094728,40.77898,-73.96925,42.7,26-02-18,4.47,,0,0,0,,52,43,270,300,10.1,18.1,1,,,,,
USW00094728,40.77898,-73.96925,42.7,27-02-18,4.47,,0,0,0,,56,39,240,250,14.1,21.9,,,,,,
USW00094728,40.77898,-73.96925,42.7,28-02-18,5.14,,0,0,0,,61,42,260,250,15,25.9,,,,,,
USW00094728,40.77898,-73.96925,42.7,01-03-18,5.14,,0.38,0,0,,60,44,70,60,13,17,1,,,,,
USW00094728,40.77898,-73.96925,42.7,02-03-18,10.51,,1.86,0,0,,44,34,50,360,21,35.1,1,,,,,
USW00094728,40.77898,-73.96925,42.7,03-03-18,11.18,,0,0,0,,49,36,30,30,25.1,42.9,,,,,,1
USW00094728,40.77898,-73.96925,42.7,04-03-18,9.62,,0,0,0,,44,34,20,10,21.9,31.1,,,,,,
USW00094728,40.77898,-73.96925,42.7,05-03-18,7.16,,0,0,0,,43,33,40,40,16.1,25.1,,,,,,
USW00094728,40.77898,-73.96925,42.7,06-03-18,4.7,,0,0,0,,47,32,160,170,15,23,,,,,,
USW00094728,40.77898,-73.96925,42.7,07-03-18,10.07,,1.41,3.2,0,,39,33,60,70,21.9,35.1,1,1,,,,
USW00094728,40.77898,-73.96925,42.7,08-03-18,6.04,,0,0,3.1,,39,33,280,280,14.1,21,,,,,,
USW00094728,40.77898,-73.96925,42.7,09-03-18,7.83,,0,0,2,,42,30,270,260,17,25.9,,,,,,
USW00094728,40.77898,-73.96925,42.7,10-03-18,8.5,,0,0,0,,40,31,280,270,17,25.1,,,,,,
USW00094728,40.77898,-73.96925,42.7,11-03-18,5.37,,0,0,0,,45,32,310,310,13,19.9,,,,,,
USW00094728,40.77898,-73.96925,42.7,12-03-18,8.5,,0.08,0,0,,43,32,70,50,17,23.9,1,,,,,
USW00094728,40.77898,-73.96925,42.7,13-03-18,8.5,,0.28,0,0,,40,33,290,280,16.1,28,1,,,,,
USW00094728,40.77898,-73.96925,42.7,14-03-18,10.96,,0.01,0,0,,41,31,260,250,19.9,31.1,1,,,,,
USW00094728,40.77898,-73.96925,42.7,15-03-18,10.07,,0,0,0,,48,32,250,280,17,31.1,,,,,,
USW00094728,40.77898,-73.96925,42.7,16-03-18,9.84,,0,0,0,,40,30,280,280,19.9,42.1,,,,,,
USW00094728,40.77898,-73.96925,42.7,17-03-18,7.61,,0,0,0,,48,27,280,280,17,27.1,,,,,,
USW00094728,40.77898,-73.96925,42.7,18-03-18,6.26,,0,0,0,,43,28,310,310,16.1,25.9,,,,,,
USW00094728,40.77898,-73.96925,42.7,19-03-18,5.82,,0,0,0,,47,33,50,20,13,18.1,,,,,,
USW00094728,40.77898,-73.96925,42.7,20-03-18,8.95,,0,0,0,,39,30,70,60,16.1,23,,,,,,
USW00094728,40.77898,-73.96925,42.7,21-03-18,10.74,,0.99,8.2,0,,39,31,50,60,21.9,33.1,1,1,,,,
USW00094728,40.77898,-73.96925,42.7,22-03-18,6.71,,0.06,0.2,7.9,,50,32,310,320,14.1,23,1,,,,,1
USW00094728,40.77898,-73.96925,42.7,23-03-18,5.59,,0,0,1.2,,49,35,20,350,14.1,21,,,,,,
USW00094728,40.77898,-73.96925,42.7,24-03-18,6.04,,0,0,0,,51,35,40,10,12.1,19,,,,,,
USW00094728,40.77898,-73.96925,42.7,25-03-18,8.28,,0,0,0,,45,33,70,50,19.9,29.1,,,,,,
USW00094728,40.77898,-73.96925,42.7,26-03-18,5.82,,0,0,0,,50,34,50,60,21,28,,,,,,
USW00094728,40.77898,-73.96925,42.7,27-03-18,3.36,,0.01,0,0,,47,34,50,60,10.1,14.1,1,,,,,
USW00094728,40.77898,-73.96925,42.7,28-03-18,4.03,,0.03,0,0,,52,38,240,250,12.1,17,1,,,,,
USW00094728,40.77898,-73.96925,42.7,29-03-18,2.91,,0.03,0,0,,53,49,150,160,8.9,16.1,1,,,,,1
USW00094728,40.77898,-73.96925,42.7,30-03-18,4.03,,0.03,0,0,,62,44,300,290,15,23.9,1,,,,,1
USW00094728,40.77898,-73.96925,42.7,31-03-18,6.49,,0,0,0,,58,39,170,300,16.1,25.1,,,,,,
USW00094728,40.77898,-73.96925,42.7,01-04-18,6.71,,0,0,0,,60,43,250,180,14.1,25.1,,,,,,
USW00094728,40.77898,-73.96925,42.7,02-04-18,5.82,,0.59,5.5,5.1,,43,33,20,10,16.1,21.9,1,1,,,,
USW00094728,40.77898,-73.96925,42.7,03-04-18,4.7,,0.26,0,0,,43,39,60,60,12.1,16.1,1,,,,,1
USW00094728,40.77898,-73.96925,42.7,04-04-18,8.5,,0.04,0,0,,56,40,280,260,21.9,42.1,1,,,,,1
USW00094728,40.77898,-73.96925,42.7,05-04-18,8.72,,0,0,0,,45,34,280,270,19.9,31.1,,,,,,
USW00094728,40.77898,-73.96925,42.7,06-04-18,4.92,,0.11,0,0,,62,37,250,250,15,27.1,1,,,,,
USW00094728,40.77898,-73.96925,42.7,07-04-18,7.38,,0,0,0,,49,37,300,290,16.1,23.9,,,,,,
USW00094728,40.77898,-73.96925,42.7,08-04-18,8.5,,0,0,0,,46,32,290,290,18.1,30,,,,,,
USW00094728,40.77898,-73.96925,42.7,09-04-18,5.37,,0,0,0,,49,32,310,310,14.1,21,,,,,,
USW00094728,40.77898,-73.96925,42.7,10-04-18,4.92,,0.01,0,0,,51,38,10,320,12.1,19.9,1,,,,,1
USW00094728,40.77898,-73.96925,42.7,11-04-18,3.8,,0,0,0,,51,37,170,180,13,19,,,,,,
USW00094728,40.77898,-73.96925,42.7,12-04-18,5.59,,0,0,0,,63,46,250,260,15,23,,,,,,1
USW00094728,40.77898,-73.96925,42.7,13-04-18,5.59,,0,0,0,,82,60,250,250,18.1,31.1,,,,,,
USW00094728,40.77898,-73.96925,42.7,14-04-18,7.38,,0,0,0,,77,44,60,60,21,27.1,1,,,,,1
USW00094728,40.77898,-73.96925,42.7,15-04-18,12.3,,0.47,0,0,,44,38,70,100,21.9,32,1,,,,,1
USW00094728,40.77898,-73.96925,42.7,16-04-18,11.41,,2.82,0,0,,60,39,60,50,28,44.1,1,,1,,,
USW00094728,40.77898,-73.96925,42.7,17-04-18,8.5,,0,0,0,,47,39,280,270,17,29.1,,,,,,
USW00094728,40.77898,-73.96925,42.7,18-04-18,6.49,,0,0,0,,55,37,250,250,18.1,27.1,,,,,,
USW00094728,40.77898,-73.96925,42.7,19-04-18,7.61,,0.15,0,0,,49,38,300,290,18.1,29.1,1,,,,,
USW00094728,40.77898,-73.96925,42.7,20-04-18,8.5,,0,0,0,,50,37,310,300,19.9,30,,,,,,
USW00094728,40.77898,-73.96925,42.7,21-04-18,5.82,,0,0,0,,63,39,280,280,15,21.9,,,,,,
USW00094728,40.77898,-73.96925,42.7,22-04-18,4.25,,0,0,0,,67,44,180,170,13,23,,,,,,
USW00094728,40.77898,-73.96925,42.7,23-04-18,4.47,,0,0,0,,68,46,160,150,15,21,,,,,,
USW00094728,40.77898,-73.96925,42.7,24-04-18,4.25,,0.05,0,0,,66,46,170,170,15,23,1,,,,,
USW00094728,40.77898,-73.96925,42.7,25-04-18,3.8,,0.95,0,0,,60,52,150,150,12.1,19.9,1,,,,,
USW00094728,40.77898,-73.96925,42.7,26-04-18,4.92,,0.1,0,0,,70,55,290,280,15,21.9,1,,,,,
USW00094728,40.77898,-73.96925,42.7,27-04-18,2.46,,0.05,0,0,,59,51,90,110,10.1,17,1,,,,,1
USW00094728,40.77898,-73.96925,42.7,28-04-18,3.36,,0.1,0,0,,68,50,160,160,14.1,23,1,,,,,1
USW00094728,40.77898,-73.96925,42.7,29-04-18,5.82,,0.08,0,0,,59,47,310,290,15,25.1,1,,,,,
USW00094728,40.77898,-73.96925,42.7,30-04-18,5.14,,0,0,0,,51,44,310,320,16.1,28,,,,,,
USW00094728,40.77898,-73.96925,42.7,01-05-18,4.25,,0,0,0,,80,48,320,330,14.1,21,,,,,,
USW00094728,40.77898,-73.96925,42.7,02-05-18,5.37,,0,0,0,,90,65,250,260,16.1,31.1,,,,,,
USW00094728,40.77898,-73.96925,42.7,03-05-18,5.37,,0.02,0,0,,92,70,250,250,15,28,1,,,,,
USW00094728,40.77898,-73.96925,42.7,04-05-18,3.58,,0,0,0,,84,72,280,250,18.1,30,,,,,,1
USW00094728,40.77898,-73.96925,42.7,05-05-18,4.92,,0,0,0,,76,61,310,290,14.1,25.9,,,,,,
USW00094728,40.77898,-73.96925,42.7,06-05-18,3.8,,0,0,0,,66,56,70,70,14.1,21.9,,,,,,
USW00094728,40.77898,-73.96925,42.7,07-05-18,2.01,,0,0,0,,77,54,160,180,10.1,16.1,,,,,,
USW00094728,40.77898,-73.96925,42.7,08-05-18,1.79,,0,0,0,,74,53,170,160,8.1,14.1,,,,,,
USW00094728,40.77898,-73.96925,42.7,09-05-18,2.24,,0,0,0,,77,54,150,150,10.1,18.1,1,,,,,1
USW00094728,40.77898,-73.96925,42.7,10-05-18,2.68,,0.25,0,0,,66,54,180,180,8.9,17,1,,1,,,
USW00094728,40.77898,-73.96925,42.7,11-05-18,3.58,,0,0,0,,73,60,310,310,13,19,,,,,,
USW00094728,40.77898,-73.96925,42.7,12-05-18,3.58,,0.22,0,0,,63,51,350,340,12.1,17,1,,,,,
USW00094728,40.77898,-73.96925,42.7,13-05-18,2.46,,0.1,0,0,,54,52,70,110,10.1,14.1,1,,,,,
USW00094728,40.77898,-73.96925,42.7,14-05-18,1.34,,0.03,0,0,,71,52,150,150,8.9,13,1,,,,,1
USW00094728,40.77898,-73.96925,42.7,15-05-18,2.68,,0.58,0,0,,88,61,300,290,15,30,1,,1,,,1
USW00094728,40.77898,-73.96925,42.7,16-05-18,2.46,,0.34,0,0,,64,56,110,110,8.9,15,1,,,,,
USW00094728,40.77898,-73.96925,42.7,17-05-18,1.12,,0.22,0,0,,71,56,250,250,8.1,10.1,1,,,,,1
USW00094728,40.77898,-73.96925,42.7,18-05-18,5.82,,0,0,0,,67,56,70,70,16.1,25.1,1,,,,,
USW00094728,40.77898,-73.96925,42.7,19-05-18,4.03,,0.65,0,0,,56,49,70,70,14.1,21.9,1,,,,,
USW00094728,40.77898,-73.96925,42.7,20-05-18,3.8,,0,0,0,,81,56,260,260,13,21,1,,,,,
USW00094728,40.77898,-73.96925,42.7,21-05-18,2.46,,0,0,0,,79,58,240,240,10.1,17,,,,,,
USW00094728,40.77898,-73.96925,42.7,22-05-18,0.89,,0.29,0,0,,68,55,160,160,8.9,15,1,,,,,
USW00094728,40.77898,-73.96925,42.7,23-05-18,2.46,,0.29,0,0,,81,59,300,290,8.9,15,1,,,,,
USW00094728,40.77898,-73.96925,42.7,24-05-18,2.91,,0,0,0,,83,63,240,260,12.1,21,,,,,,
USW00094728,40.77898,-73.96925,42.7,25-05-18,5.14,,0,0,0,,86,65,260,260,14.1,27.1,,,,,,
USW00094728,40.77898,-73.96925,42.7,26-05-18,2.01,,0,0,0,,89,72,250,240,14.1,19.9,,,1,,,
USW00094728,40.77898,-73.96925,42.7,27-05-18,8.28,,0.44,0,0,,80,56,70,70,16.1,27.1,1,,1,,,
USW00094728,40.77898,-73.96925,42.7,28-05-18,1.79,,0,0,0,,69,56,70,70,8.9,14.1,,,,,,
USW00094728,40.77898,-73.96925,42.7,29-05-18,1.12,,0,0,0,,89,63,250,250,8.1,13,1,,,,,1
USW00094728,40.77898,-73.96925,42.7,30-05-18,2.24,,0,0,0,,78,61,140,180,8.9,16.1,1,,,,,1
USW00094728,40.77898,-73.96925,42.7,31-05-18,2.01,,0.1,0,0,,68,63,160,160,8.1,13,1,,,,,1
USW00094728,40.77898,-73.96925,42.7,01-06-18,0.89,,0.27,0,0,,81,65,310,290,6.9,15,1,,,,,1
USW00094728,40.77898,-73.96925,42.7,02-06-18,3.8,,0.08,0,0,,87,66,30,40,14.1,23,1,,,,,1
USW00094728,40.77898,-73.96925,42.7,03-06-18,5.82,,0.25,0,0,,66,51,110,130,14.1,23,1,,,,,
USW00094728,40.77898,-73.96925,42.7,04-06-18,3.8,,0.16,0,0,,71,51,60,60,12.1,18.1,1,,,,,
USW00094728,40.77898,-73.96925,42.7,05-06-18,3.8,,0,0,0,,75,58,280,270,15,25.1,1,,,,,
USW00094728,40.77898,-73.96925,42.7,06-06-18,2.68,,0,0,0,,71,58,20,170,8.1,13,,,,,,
USW00094728,40.77898,-73.96925,42.7,07-06-18,2.46,,0,0,0,,71,60,170,160,8.9,17,,,,,,
USW00094728,40.77898,-73.96925,42.7,08-06-18,2.91,,0,0,0,,82,60,250,250,8.9,16.1,,,,,,
USW00094728,40.77898,-73.96925,42.7,09-06-18,1.79,,0,0,0,,83,67,40,30,8.1,15,,,,,,
USW00094728,40.77898,-73.96925,42.7,10-06-18,1.12,,0.01,0,0,,73,58,80,100,8.9,16.1,,,,,,
USW00094728,40.77898,-73.96925,42.7,11-06-18,3.13,,0,0,0,,73,58,150,170,8.9,17,,,,,,
USW00094728,40.77898,-73.96925,42.7,12-06-18,3.36,,0,0,0,,75,57,190,160,10.1,19,,,,,,
USW00094728,40.77898,-73.96925,42.7,13-06-18,3.58,,0.04,0,0,,78,63,260,260,12.1,18.1,1,,,,,1
USW00094728,40.77898,-73.96925,42.7,14-06-18,6.93,,0,0,0,,84,67,300,290,15,27.1,,,,,,
USW00094728,40.77898,-73.96925,42.7,15-06-18,3.13,,0,0,0,,76,63,300,290,13,19.9,,,,,,1
USW00094728,40.77898,-73.96925,42.7,16-06-18,2.24,,0,0,0,,85,64,290,280,8.1,12.1,,,,,,
USW00094728,40.77898,-73.96925,42.7,17-06-18,1.79,,0,0,0,,91,66,240,250,8.9,17,,,,,,
USW00094728,40.77898,-73.96925,42.7,18-06-18,5.59,,0.08,0,0,,91,73,240,260,14.1,23.9,1,,1,,,
USW00094728,40.77898,-73.96925,42.7,19-06-18,3.8,,0.07,0,0,,88,75,40,240,12.1,19.9,1,,,,,
USW00094728,40.77898,-73.96925,42.7,20-06-18,1.57,,0.09,0,0,,83,69,170,160,8.1,14.1,1,,,,,1
USW00094728,40.77898,-73.96925,42.7,21-06-18,2.01,,0.59,0,0,,83,65,10,20,8.1,14.1,1,,,,,
USW00094728,40.77898,-73.96925,42.7,22-06-18,4.7,,0.1,0,0,,75,62,140,70,10.1,16.1,1,,,,,
USW00094728,40.77898,-73.96925,42.7,23-06-18,4.92,,0,0,0,,66,62,60,70,13,19.9,,,,,,
USW00094728,40.77898,-73.96925,42.7,24-06-18,2.24,,0,0,0,,84,66,270,230,8.9,21,1,,1,,,1
USW00094728,40.77898,-73.96925,42.7,25-06-18,4.92,,0,0,0,,81,67,350,340,15,23.9,,,,,,
USW00094728,40.77898,-73.96925,42.7,26-06-18,3.8,,0,0,0,,78,61,160,170,8.9,19,,,,,,
USW00094728,40.77898,-73.96925,42.7,27-06-18,,,0.01,0,0,,73,66,,,,,,,,,,
