Trip ID.,pickup_datetime,dropoff_datetime,passenger_count,trip_distance,pickup_longitude,pickup_latitude,dropoff_longitude,dropoff_latitude,fare_amount,trip_time,speed,tod
1,30-06-14 0:10,30-06-14 0:25,1,4.4,-73.994076,40.720134,-73.957112,40.680575,15.5,894,17.71812081,0
2,30-06-14 2:09,30-06-14 2:20,2,3,-74.007392,40.741116,-73.987471,40.765773,12,673,16.04754829,2
3,30-06-14 3:53,30-06-14 4:08,2,4.7,-74.005937,40.740136,-73.954163,40.778651,16,877,19.29304447,3
4,30-06-14 0:51,30-06-14 1:08,1,4.6,-73.986055,40.756408,-73.959327,40.811957,16,1020,16.23529412,0
5,30-06-14 1:04,30-06-14 1:13,1,2.5,-73.948077,40.706921,-73.959047,40.683061,9.5,558,16.12903226,1
6,30-06-14 0:06,30-06-14 0:30,1,5.9,-73.998451,40.750133,-74.027158,40.749733,60,1407,15.09594883,0
7,30-06-14 0:53,30-06-14 1:09,1,8,-73.988839,40.763557,-73.93057,40.853626,25,967,29.78283351,0
8,30-06-14 2:10,30-06-14 2:15,2,0.7,-74.012543,40.714992,-74.007223,40.708394,5.5,317,7.949526814,2
9,30-06-14 0:37,30-06-14 0:40,2,0.6,-73.990795,40.734907,-73.99181,40.72985,4.5,191,11.30890052,0
10,30-06-14 1:56,30-06-14 2:14,1,5.7,-73.969189,40.753998,-73.952813,40.736368,18.5,1030,19.9223301,1
11,30-06-14 0:24,30-06-14 0:34,1,1.5,-73.988154,40.745752,-73.969969,40.749726,8.5,574,9.407665505,0
12,30-06-14 6:30,30-06-14 6:40,1,2.3,-74.007697,40.732229,-73.985462,40.760319,10,595,13.91596639,6
13,30-06-14 7:06,30-06-14 7:15,1,2.2,-74.00644,40.733137,-73.983729,40.755702,9,497,15.93561368,7
14,29-06-14 0:36,29-06-14 1:03,1,4.5,-74.00398,40.707593,-73.986905,40.733157,20.5,1610,10.0621118,0
15,29-06-14 19:12,29-06-14 19:23,1,1.7,-74.009564,40.722147,-73.99985,40.743312,8.5,617,9.918962723,19
16,24-06-14 20:54,24-06-14 21:11,1,3.1,-73.966062,40.805351,-73.946806,40.772197,13.5,979,11.39938713,20
17,30-06-14 8:12,30-06-14 8:25,1,1.4,-73.988539,40.717687,-74.008939,40.718933,9.5,762,6.614173228,8
18,30-06-14 9:00,30-06-14 9:10,1,1.9,-73.962282,40.77396,-73.982184,40.762113,9,577,11.85441941,9
19,30-06-14 10:27,30-06-14 10:33,1,1.5,-73.989624,40.720947,-73.993921,40.736235,6.5,347,15.56195965,10
20,30-06-14 4:19,30-06-14 4:33,1,4.8,-73.999041,40.754526,-73.949501,40.802872,15.5,835,20.69461078,4
21,30-06-14 0:33,30-06-14 1:03,1,4.5,-73.981173,40.7742,-73.958608,40.815869,23.5,1802,8.990011099,0
22,30-06-14 1:24,30-06-14 1:34,1,1.9,-73.968446,40.70752,-73.939539,40.705696,9,627,10.90909091,1
23,30-06-14 0:02,30-06-14 0:12,1,2.5,-73.982122,40.760332,-73.950919,40.77151,10,639,14.08450704,0
24,30-06-14 0:19,30-06-14 0:25,2,1.9,-73.982163,40.778522,-73.964164,40.798049,8.5,415,16.48192771,0
25,30-06-14 1:00,30-06-14 1:02,1,0.8,-74.00233,40.7398,-73.994622,40.750433,4.5,132,21.81818182,1
26,30-06-14 7:06,30-06-14 7:10,1,1.1,-73.975052,40.749664,-73.973479,40.762988,5.5,239,16.56903766,7
27,30-06-14 6:54,30-06-14 6:59,1,1.1,-73.960311,40.766193,-73.974124,40.759605,6,294,13.46938776,6
28,30-06-14 10:27,30-06-14 10:53,2,1.1,-73.97649,40.749924,-73.986832,40.745229,15,1513,2.61731659,10
29,30-06-14 6:54,30-06-14 7:08,1,3.5,-74.015707,40.715553,-73.9832,40.752967,13.5,833,15.12605042,6
30,30-06-14 7:35,30-06-14 7:45,1,2.4,-73.99367,40.735177,-74.014349,40.713956,10.5,620,13.93548387,7
31,30-06-14 8:21,30-06-14 8:27,1,1.3,-74.007572,40.732759,-74.013747,40.714856,7,380,12.31578947,8
32,30-06-14 8:02,30-06-14 8:15,1,3.8,-73.946735,40.772184,-73.98308,40.731475,14.5,772,17.72020725,8
33,30-06-14 15:15,30-06-14 15:19,1,0.4,-73.967505,40.756129,-73.974088,40.758622,4.5,245,5.87755102,15
34,30-06-14 15:21,30-06-14 15:30,1,0.7,-73.974865,40.758984,-73.964569,40.760624,7,522,4.827586207,15
35,30-06-14 6:29,30-06-14 6:57,1,16.2,-73.977599,40.746742,-73.776503,40.645218,52,1634,35.69155447,6
36,30-06-14 6:14,30-06-14 6:24,1,2.4,-73.953581,40.772449,-73.982951,40.760117,10,577,14.97400347,6
37,30-06-14 4:35,30-06-14 5:07,1,17.9,-74.000032,40.743116,-73.78259,40.648771,52,1944,33.14814815,4
38,30-06-14 5:21,30-06-14 5:26,1,1.6,-73.959452,40.767617,-73.982371,40.766516,7,343,16.79300292,5
39,30-06-14 7:27,30-06-14 7:38,1,2.5,-73.978787,40.787381,-73.962067,40.763895,11,708,12.71186441,7
40,30-06-14 7:28,30-06-14 7:35,2,0.7,-73.991204,40.755713,-73.978186,40.752231,6.5,454,5.550660793,7
41,30-06-14 5:54,30-06-14 6:03,1,3,-73.990953,40.750709,-73.999013,40.744428,10.5,544,19.85294118,5
42,30-06-14 6:17,30-06-14 6:19,1,1.1,-73.994003,40.741444,-73.982653,40.752349,5,169,23.43195266,6
43,30-06-14 10:10,30-06-14 10:25,1,1.4,-73.992854,40.768364,-73.985717,40.753647,10.5,874,5.766590389,10
44,30-06-14 12:07,30-06-14 12:12,1,1.1,-73.949662,40.784932,-73.967743,40.793894,6.5,347,11.41210375,12
45,30-06-14 7:27,30-06-14 7:31,1,0.9,-73.979859,40.743356,-73.971449,40.755455,5.5,230,14.08695652,7
46,30-06-14 6:59,30-06-14 7:09,1,2,-73.959701,40.771063,-73.972377,40.746381,9.5,607,11.8616145,6
47,30-06-14 9:09,30-06-14 9:25,1,3.3,-73.994696,40.755565,-74.014889,40.716022,14,932,12.74678112,9
48,30-06-14 9:28,30-06-14 9:57,1,4.3,-74.014316,40.718098,-73.987462,40.748513,20.5,1727,8.963520556,9
49,30-06-14 4:55,30-06-14 5:00,2,1.3,-73.995272,40.754813,-73.994203,40.741085,6,261,17.93103448,4
50,30-06-14 6:26,30-06-14 6:36,1,2.1,-73.980267,40.748598,-74.00438,40.733413,10,633,11.94312796,6
51,30-06-14 9:37,30-06-14 9:47,3,1.1,-73.986093,40.753753,-74.000475,40.758105,7.5,547,7.239488117,9
52,29-06-14 16:41,29-06-14 16:53,1,4.6,-73.993673,40.718249,-73.95847,40.772873,15,689,24.03483309,16
53,30-06-14 0:03,30-06-14 0:22,1,5.3,-73.972908,40.759149,-73.983209,40.69378,19,1134,16.82539683,0
54,29-06-14 22:37,29-06-14 22:58,1,5.5,-73.977986,40.725299,-73.972939,40.787776,19.5,1247,15.87810746,22
55,30-06-14 6:17,30-06-14 6:32,1,4.4,-74.003263,40.724205,-73.979966,40.776206,15.5,863,18.35457706,6
56,30-06-14 7:57,30-06-14 8:04,2,1.3,-73.947608,40.77076,-73.952525,40.783995,7,447,10.46979866,7
57,30-06-14 0:41,30-06-14 1:05,1,5.5,-73.935008,40.696915,-74.003242,40.741075,21.5,1429,13.85584325,0
58,30-06-14 0:39,30-06-14 1:58,2,17.6,-74.008185,40.650622,-74.008185,40.650622,14.5,4746,13.35018963,0
59,30-06-14 0:07,30-06-14 0:18,1,3.6,-73.925319,40.744143,-73.949509,40.772557,12.5,620,20.90322581,0
60,30-06-14 0:33,30-06-14 0:43,1,2.3,-73.98021,40.783777,-73.955645,40.768065,10,622,13.31189711,0
61,30-06-14 1:13,30-06-14 1:19,1,1.5,-73.976697,40.764961,-73.954149,40.764044,7,381,14.17322835,1
62,30-06-14 0:29,30-06-14 0:57,2,18.9,-73.789386,40.64685,-74.00326,40.724052,52,1671,40.71813285,0
63,30-06-14 0:33,30-06-14 1:01,1,16,-73.983631,40.732669,-74.18242,40.687742,90,1673,34.42916916,0
64,30-06-14 0:13,30-06-14 0:26,1,3.6,-74.004877,40.716544,-73.988151,40.760597,13,803,16.13947696,0
65,30-06-14 2:06,30-06-14 2:16,1,4.7,-73.949291,40.749963,-73.986295,40.718243,15,584,28.97260274,2
66,30-06-14 0:00,30-06-14 0:12,1,4.1,-73.989431,40.734462,-73.948525,40.778038,13.5,720,20.5,0
67,30-06-14 1:00,30-06-14 1:06,1,2.1,-73.962746,40.770559,-73.973527,40.792087,8.5,362,20.8839779,1
68,30-06-14 3:11,30-06-14 3:19,1,2.4,-73.974262,40.760035,-73.987112,40.733598,9.5,471,18.34394904,3
69,30-06-14 0:33,30-06-14 0:38,1,0.7,-73.975009,40.741657,-73.983429,40.743483,5.5,308,8.181818182,0
70,29-06-14 23:59,30-06-14 0:07,1,3.1,-73.870535,40.773652,-73.919472,40.765218,11,464,24.05172414,23
71,30-06-14 2:15,30-06-14 2:35,1,8.7,-73.945417,40.786635,-73.949379,40.714151,27,1215,25.77777778,2
72,30-06-14 0:15,30-06-14 0:21,1,1,-73.983673,40.676274,-73.973303,40.685639,6,302,11.9205298,0
73,30-06-14 0:55,30-06-14 1:04,1,3,-73.977977,40.783456,-73.955284,40.820253,11,552,19.56521739,0
74,30-06-14 1:09,30-06-14 1:17,2,1.8,-74.003419,40.743716,-73.985502,40.763295,8.5,491,13.19755601,1
75,30-06-14 0:30,30-06-14 0:54,2,17.4,-73.779232,40.646727,-73.987914,40.738144,52,1415,44.26855124,0
76,30-06-14 2:51,30-06-14 3:04,1,4,-73.986606,40.754993,-74.007613,40.705276,14,802,17.95511222,2
77,30-06-14 4:55,30-06-14 5:05,3,2.1,-73.988675,40.731401,-73.994286,40.753955,10,636,11.88679245,4
78,30-06-14 4:10,30-06-14 4:17,1,2.3,-73.942106,40.791294,-73.954633,40.765838,9,423,19.57446809,4
79,30-06-14 13:26,30-06-14 13:31,1,0.5,-74.015273,40.710093,-74.016038,40.715232,5,259,6.94980695,13
80,30-06-14 11:37,30-06-14 11:44,1,1.2,-73.985107,40.753648,-74.00077,40.758024,6.5,428,10.09345794,11
81,30-06-14 2:21,30-06-14 2:34,1,3.8,-73.989732,40.757108,-73.988123,40.716351,13.5,763,17.92922674,2
82,30-06-14 9:16,30-06-14 9:36,1,4.7,-74.0122,40.704313,-73.989443,40.74168,17.5,1168,14.48630137,9
83,30-06-14 0:23,30-06-14 0:50,1,6.8,-73.993643,40.746582,-73.921119,40.69996,23.5,1645,14.88145897,0
84,30-06-14 1:24,30-06-14 1:38,1,3,-73.990961,40.718254,-73.940064,40.7076,12.5,802,13.46633416,1
85,30-06-14 0:13,30-06-14 0:19,1,1.2,-73.967616,40.763117,-73.953496,40.767192,6.5,344,12.55813953,0
86,30-06-14 2:41,30-06-14 2:50,4,2.8,-74.002758,40.73392,-73.987801,40.765245,10.5,541,18.63216266,2
87,30-06-14 1:01,30-06-14 1:04,1,0.3,-74.005172,40.719698,-74.004365,40.71649,3.5,145,7.448275862,1
88,30-06-14 3:43,30-06-14 3:54,1,4.2,-73.992666,40.758149,-73.949196,40.744389,14,669,22.60089686,3
89,30-06-14 0:33,30-06-14 0:40,1,1.1,-73.985222,40.753102,-73.992283,40.756497,6.5,409,9.682151589,0
90,30-06-14 2:16,30-06-14 2:26,1,2.1,-73.986295,40.718243,-74.009307,40.734212,10,600,12.6,2
91,30-06-14 2:06,30-06-14 2:16,3,1.2,-73.959543,40.713168,-73.940482,40.707665,8,559,7.728085868,2
92,30-06-14 0:27,30-06-14 0:31,1,1.1,-73.992545,40.758678,-74.002012,40.750754,5.5,220,18,0
93,30-06-14 0:13,30-06-14 0:25,1,3.1,-74.001632,40.730895,-73.967362,40.757773,12,712,15.6741573,0
94,30-06-14 0:22,30-06-14 0:49,2,19.9,-73.776698,40.645287,-73.955395,40.787739,52,1596,44.88721805,0
95,30-06-14 2:33,30-06-14 2:41,2,2.2,-74.004774,40.740745,-73.98727,40.722198,9,500,15.84,2
96,30-06-14 1:21,30-06-14 1:26,1,0.8,-73.99498,40.750207,-73.995334,40.758725,5.5,289,9.965397924,1
97,30-06-14 1:55,30-06-14 2:05,1,2.4,-73.98847,40.764224,-73.959615,40.774011,10,575,15.02608696,1
98,30-06-14 0:47,30-06-14 0:57,1,3,-73.955736,40.772516,-73.955974,40.803702,11,587,18.39863714,0
99,30-06-14 0:07,30-06-14 0:20,1,1.6,-73.977861,40.74216,-73.989065,40.756152,8,800,7.2,0
100,30-06-14 0:51,30-06-14 0:57,1,1.5,-73.966198,40.804908,-73.980864,40.788429,7.5,382,14.13612565,0
101,30-06-14 1:02,30-06-14 1:15,2,3.3,-73.991284,40.760549,-73.953188,40.774276,12,741,16.03238866,1
102,30-06-14 0:52,30-06-14 1:09,1,3.8,-73.985308,40.722813,-73.98169,40.683328,15.5,1007,13.58490566,0
103,30-06-14 13:56,30-06-14 14:40,2,16.8,-73.989847,40.741016,-73.789829,40.646924,52,2629,23.00494485,13
104,30-06-14 10:17,30-06-14 10:23,1,0.9,-73.976999,40.755094,-73.96699,40.764068,6,349,9.283667622,10
105,30-06-14 7:56,30-06-14 8:06,1,1.9,-73.958998,40.771825,-73.974448,40.750027,9.5,623,10.97913323,7
106,30-06-14 11:54,30-06-14 12:36,1,8.6,-73.875237,40.774108,-73.985474,40.744155,33.5,2502,12.37410072,11
107,30-06-14 10:06,30-06-14 10:25,2,9.4,-73.988309,40.731897,-73.94041,40.824825,28,1143,29.60629921,10
108,30-06-14 7:57,30-06-14 8:02,1,1.2,-73.971617,40.746374,-73.967334,40.760305,6,294,14.69387755,7
109,30-06-14 7:36,30-06-14 7:41,1,0.9,-73.986269,40.734846,-73.99623,40.725413,6,300,10.8,7
110,30-06-14 4:37,30-06-14 4:53,1,9.8,-73.988182,40.727897,-73.870655,40.773837,28,916,38.51528384,4
111,30-06-14 4:10,30-06-14 4:32,2,6.9,-73.997127,40.73742,-73.95625,40.65369,23.5,1287,19.3006993,4
112,30-06-14 10:33,30-06-14 10:52,1,2,-73.999602,40.733333,-74.001595,40.755742,12.5,1135,6.343612335,10
113,30-06-14 9:23,30-06-14 9:40,1,2.4,-73.986414,40.767462,-73.993642,40.742534,12.5,1037,8.331726133,9
114,30-06-14 5:52,30-06-14 5:57,1,1.3,-73.998823,40.744825,-73.985838,40.760401,6,246,19.02439024,5
115,30-06-14 10:02,30-06-14 10:19,1,1,-74.000977,40.758035,-73.993089,40.751998,11,999,3.603603604,10
116,30-06-14 13:40,30-06-14 13:53,1,1.4,-74.00466,40.73492,-73.995772,40.749096,10,791,6.371681416,13
117,30-06-14 8:56,30-06-14 9:46,1,9.7,-73.86297,40.769078,-73.987569,40.746548,38.5,3017,11.57441167,8
118,30-06-14 6:43,30-06-14 6:48,1,0.9,-73.968554,40.754911,-73.982189,40.759975,5.5,308,10.51948052,6
119,30-06-14 6:16,30-06-14 6:21,1,1.3,-74.005288,40.721187,-74.014022,40.713844,6.5,286,16.36363636,6
120,20-06-14 7:00,20-06-14 7:07,1,1.71,-73.971867,40.743932,-73.970422,40.76249,7.5,420,14.65714286,7
121,20-06-14 6:57,20-06-14 7:09,2,3.39,-73.976205,40.752437,-74.00899,40.719985,12.5,720,16.95,6
122,20-06-14 19:12,20-06-14 19:40,1,3.73,-74.000092,40.723137,-73.972595,40.762742,19,1680,7.992857143,19
123,20-06-14 19:34,20-06-14 19:44,1,1.79,-74.003822,40.747602,-74.005172,40.72935,9,600,10.74,19
124,20-06-14 6:51,20-06-14 7:11,1,5.87,-73.96434,40.719077,-73.975138,40.751162,20,1200,17.61,6
125,20-06-14 6:51,20-06-14 7:11,1,5.74,-73.902262,40.741452,-73.9947,40.740537,19,1200,17.22,6
126,20-06-14 10:48,20-06-14 11:28,2,19.89,-73.78717,40.64097,-74.00549,40.72735,52,2400,29.835,10
127,20-06-14 10:44,20-06-14 11:31,1,22.43,-73.78193,40.644622,-73.982972,40.760962,52,2820,28.63404255,10
128,20-06-14 16:18,20-06-14 16:32,1,1.75,-73.945152,40.787007,-73.960812,40.7655,10.5,840,7.5,16
129,20-06-14 16:21,20-06-14 16:31,1,0.97,-73.968125,40.771012,-73.980568,40.767562,7.5,600,5.82,16
130,20-06-14 16:13,20-06-14 16:28,3,3.2,-73.977533,40.753072,-73.977057,40.78765,12.5,900,12.8,16
131,20-06-14 15:13,20-06-14 15:20,5,0.62,-73.963135,40.766617,-73.971422,40.765157,6,420,5.314285714,15
132,20-06-14 15:13,20-06-14 15:26,6,1.92,-73.976403,40.75847,-73.955097,40.773377,10.5,780,8.861538462,15
133,20-06-14 15:24,20-06-14 15:27,1,0.47,-73.962312,40.773397,-73.966415,40.767707,4,180,9.4,15
134,20-06-14 2:45,20-06-14 2:51,1,1.11,-73.986173,40.741017,-74.00138,40.741745,6.5,360,11.1,2
135,20-06-14 15:18,20-06-14 15:23,1,0.64,-73.978235,40.68987,-73.971332,40.686047,5.5,300,7.68,15
136,20-06-14 2:54,20-06-14 3:03,1,2.7,-73.97166,40.76272,-73.97346,40.73803,10,540,18,2
137,20-06-14 18:22,20-06-14 18:31,1,1.02,-73.98505,40.76345,-73.98932,40.77508,7.5,540,6.8,18
138,20-06-14 18:15,20-06-14 18:32,1,1.83,-73.983987,40.740882,-73.988032,40.759612,11.5,1020,6.458823529,18
139,20-06-14 18:36,20-06-14 18:38,5,0.63,-73.952422,40.776967,-73.956277,40.769592,4,120,18.9,18
140,20-06-14 18:25,20-06-14 18:38,6,2.2,-73.947552,40.775437,-73.980672,40.784997,10.5,780,10.15384615,18
141,20-06-14 10:11,20-06-14 10:27,1,5.33,-73.981137,40.737407,-74.013365,40.714787,18,960,19.9875,10
142,21-06-14 18:15,21-06-14 18:26,3,2.09,-73.968472,40.75482,-73.989767,40.739095,10,660,11.4,18
143,21-06-14 18:19,21-06-14 18:24,2,1.09,-73.954702,40.765695,-73.96598,40.758177,6,300,13.08,18
144,21-06-14 18:11,21-06-14 18:23,6,3.04,-73.998302,40.735237,-74.01652,40.716237,12,720,15.2,18
145,20-06-14 2:33,20-06-14 2:58,1,13.92,-73.957187,40.77022,-73.777377,40.729862,30,1500,33.408,2
146,20-06-14 2:57,20-06-14 3:00,1,0.6,-73.98246,40.74816,-73.97275,40.74515,4.5,180,12,2
147,20-06-14 18:33,20-06-14 18:44,1,2.05,-73.98826,40.754377,-73.99559,40.73075,9.5,660,11.18181818,18
148,20-06-14 18:24,20-06-14 18:47,3,3.96,-73.935942,40.850223,-73.940493,40.805673,17.5,1380,10.33043478,18
149,16-06-14 10:39,16-06-14 10:49,2,1.63,-73.976412,40.78834,-73.962608,40.773925,8.5,600,9.78,10
150,21-06-14 22:55,21-06-14 23:06,1,1.74,-73.992247,40.72659,-73.98427,40.747542,9,660,9.490909091,22
151,21-06-14 22:58,21-06-14 23:05,4,1.3,-73.979955,40.72852,-73.974685,40.742032,7,420,11.14285714,22
152,21-06-14 22:41,21-06-14 23:05,5,3.44,-74.005293,40.741147,-73.983735,40.773752,17.5,1440,8.6,22
153,16-06-14 17:10,16-06-14 17:14,1,0.27,-73.989935,40.7348,-73.98783,40.73812,4,240,4.05,17
154,19-06-14 20:31,19-06-14 20:37,1,2.3,-73.989945,40.719007,-73.94951,40.711082,8.5,360,23,20
155,19-06-14 20:30,19-06-14 20:38,1,1.36,-73.989557,40.719517,-74.001022,40.731485,7,480,10.2,20
156,16-06-14 9:56,16-06-14 10:53,1,11.85,-73.863742,40.769812,-73.984075,40.752615,45,3420,12.47368421,9
157,21-06-14 18:14,21-06-14 18:21,6,0.97,-73.999087,40.734377,-73.987142,40.736112,6.5,420,8.314285714,18
158,21-06-14 18:13,21-06-14 18:23,3,2.44,-73.98272,40.75715,-73.95901,40.78338,10,600,14.64,18
159,21-06-14 18:16,21-06-14 18:24,5,1.02,-73.960658,40.76122,-73.968845,40.756382,7,480,7.65,18
160,20-06-14 7:11,20-06-14 7:13,1,0.77,-73.98183,40.732255,-73.975103,40.74157,4,120,23.1,7
161,16-06-14 12:43,16-06-14 12:58,5,2.18,-73.9842,40.745327,-74.002098,40.725515,11.5,900,8.72,12
162,19-06-14 21:27,19-06-14 21:43,1,2.68,-73.975582,40.748962,-73.948097,40.774677,13,960,10.05,21
163,19-06-14 21:38,19-06-14 21:44,1,1.01,-73.95831,40.775685,-73.968218,40.765147,6,360,10.1,21
164,16-06-14 16:46,16-06-14 16:50,1,1.38,-73.982028,40.774805,-73.971295,40.792943,6,240,20.7,16
165,20-06-14 22:20,20-06-14 22:33,2,2.84,-73.977523,40.77945,-73.961327,40.813312,12,780,13.10769231,22
166,21-06-14 22:17,21-06-14 22:25,1,1.32,-73.96663,40.794132,-73.955058,40.804722,7.5,480,9.9,22
167,20-06-14 0:01,20-06-14 0:10,1,1.63,-74.006675,40.730347,-73.985193,40.724537,8.5,540,10.86666667,0
168,19-06-14 23:46,20-06-14 0:06,1,5.59,-73.999632,40.738847,-73.990915,40.667842,20,1200,16.77,23
169,20-06-14 0:02,20-06-14 0:07,1,0.77,-73.985262,40.747452,-73.984805,40.754407,5.5,300,9.24,0
170,21-06-14 22:24,21-06-14 22:30,3,0.85,-73.97717,40.75259,-73.98738,40.74999,5.5,360,8.5,22
171,16-06-14 16:35,16-06-14 16:49,1,2.51,-73.997235,40.722187,-74.004812,40.747947,12,840,10.75714286,16
172,20-06-14 22:17,20-06-14 22:33,1,2.28,-73.998545,40.723162,-74.001562,40.744922,12.5,960,8.55,22
173,19-06-14 23:58,20-06-14 0:03,1,1.27,-73.989947,40.746835,-73.97791,40.763567,6.5,300,15.24,23
174,20-06-14 22:18,20-06-14 22:38,2,4.1,-73.97199,40.78182,-74.00128,40.73189,17,1200,12.3,22
175,20-06-14 22:29,20-06-14 22:40,1,1.04,-74.00518,40.73583,-73.99177,40.72681,8.5,660,5.672727273,22
176,20-06-14 22:20,20-06-14 22:30,1,1.65,-74.00495,40.740675,-73.985172,40.72774,8.5,600,9.9,22
177,20-06-14 9:06,20-06-14 9:12,1,1.04,-73.97791,40.74937,-73.973017,40.758115,6,360,10.4,9
178,19-06-14 23:55,20-06-14 0:08,1,1.93,-73.994322,40.761245,-74.005397,40.739452,10.5,780,8.907692308,23
179,21-06-14 22:25,21-06-14 22:31,4,0.94,-73.987598,40.759112,-73.997425,40.752005,6,360,9.4,22
180,21-06-14 22:20,21-06-14 22:32,1,2.56,-73.97993,40.75447,-73.95778,40.77641,10.5,720,12.8,22
181,16-06-14 12:33,16-06-14 12:49,2,2.29,-73.98196,40.76548,-73.955797,40.781827,12,960,8.5875,12
182,20-06-14 11:01,20-06-14 11:23,5,1.53,-74.007997,40.74539,-73.99163,40.745007,14.5,1320,4.172727273,11
183,21-06-14 19:11,21-06-14 19:34,1,5.86,-73.94915,40.773205,-73.997585,40.721522,22.5,1380,15.28695652,19
184,20-06-14 19:25,20-06-14 19:37,5,2.62,-73.982122,40.768307,-74.005317,40.739992,11,720,13.1,19
185,20-06-14 7:05,20-06-14 7:13,2,1.86,-73.956747,40.771142,-73.98318,40.774312,8,480,13.95,7
186,20-06-14 19:38,20-06-14 19:46,5,1.04,-73.976862,40.747752,-73.991867,40.749062,7,480,7.8,19
187,20-06-14 6:56,20-06-14 7:09,2,2.67,-73.981995,40.783122,-73.982782,40.755307,11.5,780,12.32307692,6
188,20-06-14 7:07,20-06-14 7:10,1,0.43,-73.945555,40.822572,-73.952957,40.80787,4,180,8.6,7
189,19-06-14 23:04,19-06-14 23:37,1,9.77,-73.989233,40.753,-73.939362,40.853853,32,1980,17.76363636,23
190,19-06-14 23:12,19-06-14 23:39,2,4.9,-73.962188,40.799967,-73.987152,40.742195,21.5,1620,10.88888889,23
191,20-06-14 21:02,20-06-14 21:09,3,1.54,-73.968855,40.77011,-73.982817,40.750802,7.5,420,13.2,21
192,19-06-14 23:36,19-06-14 23:39,2,1.02,-73.977555,40.765007,-73.969603,40.755277,5,180,20.4,23
193,19-06-14 23:29,19-06-14 23:40,1,2.07,-73.976657,40.785057,-73.960662,40.76616,10,660,11.29090909,23
194,21-06-14 1:19,21-06-14 1:26,1,1.96,-73.969065,40.757537,-73.95346,40.77563,8.5,420,16.8,1
195,21-06-14 1:14,21-06-14 1:18,1,0.8,-73.954797,40.715127,-73.959257,40.722507,5,240,12,1
196,20-06-14 22:34,20-06-14 22:38,1,1.16,-73.981767,40.778777,-73.969045,40.7869,5.5,240,17.4,22
197,20-06-14 22:33,20-06-14 22:42,1,1.56,-73.982072,40.772977,-73.975055,40.757417,8,540,10.4,22
198,20-06-14 22:15,20-06-14 22:30,1,2.13,-73.991737,40.726082,-73.977215,40.752132,11,900,8.52,22
199,16-06-14 16:42,16-06-14 16:47,1,1.09,-73.988957,40.764285,-73.981227,40.77263,5.5,300,13.08,16
200,20-06-14 18:38,20-06-14 18:41,1,0.57,-73.982495,40.768227,-73.98249,40.768232,4.5,180,11.4,18
201,20-06-14 18:30,20-06-14 18:39,1,0.84,-73.978947,40.762182,-73.990595,40.761142,7,540,5.6,18
202,20-06-14 18:20,20-06-14 18:41,2,2.77,-73.978353,40.752242,-73.973335,40.782775,15.5,1260,7.914285714,18
203,20-06-14 6:56,20-06-14 7:02,5,1.94,-74.001105,40.731272,-73.983577,40.752892,7.5,360,19.4,6
204,16-06-14 12:29,16-06-14 12:42,1,5.01,-74.007025,40.70533,-73.972837,40.753002,16.5,780,23.12307692,12
205,20-06-14 15:49,20-06-14 16:19,5,2.59,-73.981967,40.743332,-74.003715,40.759165,18,1800,5.18,15
206,20-06-14 15:59,20-06-14 16:23,1,3.64,-73.9914,40.750075,-74.009035,40.70786,17.5,1440,9.1,15
207,20-06-14 16:17,20-06-14 16:27,1,1.57,-73.971053,40.758177,-73.98531,40.7389,8,600,9.42,16
208,20-06-14 19:44,20-06-14 19:51,6,0.91,-73.994282,40.732922,-74.003005,40.727135,6.5,420,7.8,19
209,19-06-14 21:21,19-06-14 21:35,4,2.37,-73.96572,40.754297,-73.980932,40.771582,11.5,840,10.15714286,21
210,20-06-14 11:14,20-06-14 11:29,1,4.47,-73.971095,40.751462,-73.99906,40.713785,16,900,17.88,11
211,20-06-14 11:17,20-06-14 11:28,2,0.43,-73.975617,40.755137,-73.971445,40.761252,7.5,660,2.345454545,11
212,20-06-14 11:09,20-06-14 11:28,1,7.37,-73.960517,40.769627,-74.01117,40.701752,23.5,1140,23.27368421,11
213,20-06-14 7:01,20-06-14 7:08,1,1.79,-73.980075,40.743017,-73.970032,40.763837,8,420,15.34285714,7
214,20-06-14 19:27,20-06-14 19:39,1,5.05,-74.004945,40.707082,-73.969187,40.756122,15.5,720,25.25,19
215,20-06-14 16:13,20-06-14 16:28,6,2,-73.972972,40.780377,-73.968732,40.760832,11,900,8,16
216,20-06-14 7:03,20-06-14 7:15,2,3.15,-73.949598,40.812142,-73.982625,40.772052,12,720,15.75,7
217,19-06-14 22:58,19-06-14 23:16,3,1.68,-73.97806,40.751417,-73.98495,40.763765,12.5,1080,5.6,22
218,20-06-14 21:11,20-06-14 21:17,5,1.33,-74.002712,40.760617,-73.992407,40.76902,7,360,13.3,21
219,21-06-14 21:23,21-06-14 21:26,2,0.53,-73.970458,40.76185,-73.973522,40.755482,4,180,10.6,21
220,20-06-14 12:34,20-06-14 12:41,1,0.72,-73.987785,40.73232,-73.99954,40.73761,6,420,6.171428571,12
221,20-06-14 12:21,20-06-14 12:39,2,3.22,-73.98075,40.765767,-74.007592,40.740827,15,1080,10.73333333,12
222,19-06-14 23:04,19-06-14 23:09,1,1.52,-73.958807,40.780867,-73.975772,40.77654,6.5,300,18.24,23
223,19-06-14 23:05,19-06-14 23:11,1,1.4,-73.997425,40.720667,-74.004068,40.707515,6.5,360,14,23
224,20-06-14 21:24,20-06-14 21:26,2,0.34,-74.006735,40.730382,-74.00531,40.728835,3.5,120,10.2,21
225,20-06-14 21:25,20-06-14 21:29,1,0.66,-73.961363,40.76056,-73.968012,40.755762,5,240,9.9,21
226,20-06-14 17:28,20-06-14 18:17,2,9.43,-73.991462,40.752212,-73.872392,40.774497,36.5,2940,11.54693878,17
227,20-06-14 12:32,20-06-14 12:42,1,1.21,-73.99113,40.745418,-73.999407,40.733487,8,600,7.26,12
228,20-06-14 20:57,20-06-14 21:23,3,4.55,-73.955915,40.772062,-73.999352,40.719832,20,1560,10.5,20
229,16-06-14 14:47,16-06-14 15:03,1,2.2,-74.007325,40.704977,-74.009977,40.721312,12.5,960,8.25,14
230,20-06-14 21:17,20-06-14 21:27,1,1.52,-73.977655,40.74148,-73.992265,40.725397,8.5,600,9.12,21
231,20-06-14 8:06,20-06-14 8:19,1,1.81,-73.952303,40.766345,-73.973668,40.755155,10,780,8.353846154,8
232,20-06-14 14:54,20-06-14 15:08,1,1.59,-73.985557,40.741365,-74.005143,40.741465,10.5,840,6.814285714,14
233,16-06-14 17:05,16-06-14 17:12,1,0.94,-73.959213,40.774542,-73.957545,40.7659,7,420,8.057142857,17
234,20-06-14 19:46,20-06-14 19:59,2,1.57,-73.98019,40.73436,-73.99196,40.74917,10,780,7.246153846,19
235,16-06-14 17:14,16-06-14 17:20,1,0.85,-73.960285,40.766347,-73.96871,40.757462,6,360,8.5,17
236,20-06-14 14:48,20-06-14 15:08,1,1.04,-73.973653,40.754667,-73.991195,40.760252,12.5,1200,3.12,14
237,20-06-14 2:04,20-06-14 2:14,2,2.76,-73.98249,40.7683,-74.00384,40.73755,10,600,16.56,2
238,20-06-14 15:43,20-06-14 16:16,1,2.85,-74.005492,40.740747,-73.989215,40.773462,21,1980,5.181818182,15
239,20-06-14 1:29,20-06-14 1:46,2,2.6,-73.986377,40.722057,-74.005733,40.708812,13,1020,9.176470588,1
240,16-06-14 17:36,16-06-14 17:43,2,1.54,-73.989942,40.741782,-73.986152,40.726497,7.5,420,13.2,17
241,20-06-14 1:52,20-06-14 2:04,2,2.31,-73.963825,40.761542,-73.99704,40.762875,11,720,11.55,1
242,16-06-14 16:46,16-06-14 17:40,2,19.77,-73.78958,40.643565,-73.951913,40.78139,52,3240,21.96666667,16
243,20-06-14 23:41,20-06-14 23:49,1,1.96,-73.95341,40.791257,-73.952908,40.790962,8.5,480,14.7,23
244,20-06-14 9:27,20-06-14 9:46,1,3.03,-73.987645,40.731625,-73.966785,40.763392,15,1140,9.568421053,9
245,21-06-14 23:17,21-06-14 23:35,2,3.55,-73.995923,40.743627,-73.9738,40.783312,15,1080,11.83333333,23
246,20-06-14 16:11,20-06-14 16:13,5,0.64,-73.935067,40.761722,-73.941957,40.75459,4,120,19.2,16
247,20-06-14 16:01,20-06-14 16:13,1,0.63,-74.000917,40.741782,-73.99508,40.749835,8.5,720,3.15,16
248,16-06-14 17:40,16-06-14 17:46,5,0.49,-73.990402,40.752868,-73.99037,40.752737,6,360,4.9,17
249,20-06-14 9:44,20-06-14 9:50,2,1.1,-73.987323,40.768767,-74.000737,40.762727,6,360,11,9
250,20-06-14 9:35,20-06-14 9:50,2,2.22,-73.975013,40.765125,-74.000035,40.758702,11.5,900,8.88,9
251,20-06-14 15:49,20-06-14 16:14,1,2.52,-73.991615,40.74985,-73.963895,40.758717,16,1500,6.048,15
252,20-06-14 23:51,20-06-14 23:58,1,1.44,-73.98932,40.72038,-74.00798,40.71205,7,420,12.34285714,23
253,16-06-14 17:39,16-06-14 17:42,1,0.37,-74.011075,40.715957,-74.015965,40.715062,4,180,7.4,17
254,21-06-14 23:22,21-06-14 23:42,1,6.3,-73.959517,40.71143,-74.015592,40.716012,21.5,1200,18.9,23
255,20-06-14 23:46,21-06-14 0:03,1,4.29,-73.959515,40.782877,-73.986242,40.733732,15.5,1020,15.14117647,23
256,20-06-14 2:14,20-06-14 2:31,1,8.41,-73.991865,40.73885,-73.85706,40.727165,24.5,1020,29.68235294,2
257,20-06-14 16:01,20-06-14 16:17,2,2.01,-73.99115,40.733452,-74.01084,40.709107,11.5,960,7.5375,16
258,16-06-14 17:29,16-06-14 17:39,2,1.57,-73.997595,40.724162,-73.991313,40.738287,8.5,600,9.42,17
259,20-06-14 15:46,20-06-14 16:23,1,3.93,-73.957095,40.766297,-74.002847,40.756102,23.5,2220,6.372972973,15
260,20-06-14 16:08,20-06-14 16:27,3,1.95,-73.95485,40.78071,-73.96707,40.75683,13,1140,6.157894737,16
261,20-06-14 16:56,20-06-14 17:02,1,0.99,-73.985805,40.746532,-73.981902,40.736537,6,360,9.9,16
262,19-06-14 22:10,19-06-14 22:30,1,7.16,-73.999042,40.729052,-73.94995,40.780207,23.5,1200,21.48,22
263,16-06-14 13:33,16-06-14 13:39,1,1.06,-73.98864,40.72269,-73.98997,40.73502,6,360,10.6,13
264,20-06-14 17:30,20-06-14 17:45,1,0.88,-73.976157,40.748387,-73.97457,40.753142,10,900,3.52,17
265,21-06-14 20:37,21-06-14 20:42,1,1.29,-73.959935,40.773672,-73.97179,40.757622,6.5,300,15.48,20
266,20-06-14 11:46,20-06-14 11:55,1,1.21,-73.981765,40.773712,-73.969775,40.784572,8,540,8.066666667,11
267,20-06-14 11:43,20-06-14 11:57,1,1.89,-73.98873,40.74309,-73.97493,40.76168,10.5,840,8.1,11
268,20-06-14 20:16,20-06-14 20:27,1,1.05,-73.989782,40.733232,-73.99472,40.743615,8.5,660,5.727272727,20
269,19-06-14 22:33,19-06-14 22:35,1,0.56,-73.978805,40.747697,-73.983767,40.740662,3.5,120,16.8,22
270,19-06-14 21:55,19-06-14 22:34,1,11.77,-73.97012,40.785632,-73.814765,40.736557,37.5,2340,18.10769231,21
271,19-06-14 22:28,19-06-14 22:32,6,1.66,-73.964712,40.763937,-73.950235,40.783852,6.5,240,24.9,22
272,16-06-14 13:32,16-06-14 13:46,1,2.5,-73.972375,40.753477,-73.949647,40.784705,11.5,840,10.71428571,13
273,21-06-14 20:44,21-06-14 20:47,5,0.5,-74.00674,40.744135,-74.00674,40.744135,4,180,10,20
274,21-06-14 20:29,21-06-14 20:43,1,2.06,-73.993917,40.738827,-73.971002,40.748525,11,840,8.828571429,20
275,22-06-14 0:49,22-06-14 1:06,1,3.12,-73.979602,40.763457,-73.997457,40.72852,14,1020,11.01176471,0
276,30-06-14 4:08,30-06-14 4:17,1,4.7,-73.972077,40.749971,-74.007038,40.707089,14.5,518,32.66409266,4
277,30-06-14 14:35,30-06-14 14:43,2,0.7,-73.994493,40.750079,-74.003213,40.747208,6.5,456,5.526315789,14
278,30-06-14 7:27,30-06-14 7:33,1,1.6,-73.967257,40.760652,-73.955632,40.780493,7,350,16.45714286,7
279,30-06-14 5:51,30-06-14 6:07,1,9.7,-73.961816,40.767987,-73.865543,40.770923,27.5,1012,34.50592885,5
280,30-06-14 4:20,30-06-14 4:23,1,0.7,-73.988592,40.721758,-73.979887,40.717668,5,202,12.47524752,4
281,30-06-14 4:35,30-06-14 4:42,1,1.9,-74.006468,40.732982,-74.01491,40.709657,8,398,17.18592965,4
282,30-06-14 11:37,30-06-14 11:54,1,3,-73.980492,40.745531,-74.006971,40.719308,13,999,10.81081081,11
283,30-06-14 0:43,30-06-14 0:53,1,4,-73.973527,40.784614,-73.981247,40.738666,13.5,657,21.91780822,0
284,30-06-14 0:20,30-06-14 0:28,2,1.6,-73.987409,40.755495,-74.002634,40.733806,8,444,12.97297297,0
285,30-06-14 5:04,30-06-14 5:41,2,25,-73.781979,40.644657,-73.994763,40.612645,67,2184,41.20879121,5
286,30-06-14 0:39,30-06-14 0:58,2,6.1,-73.990437,40.755768,-73.918741,40.773061,20,1135,19.34801762,0
287,30-06-14 19:11,30-06-14 19:15,1,0.9,-73.980531,40.738572,-73.989842,40.729793,5,230,14.08695652,19
288,30-06-14 0:17,30-06-14 0:28,1,2.7,-73.968518,40.799703,-73.963738,40.771737,11,641,15.16380655,0
289,30-06-14 0:21,30-06-14 0:26,1,0.8,-73.976775,40.73926,-73.985622,40.739977,5.5,281,10.24911032,0
290,30-06-14 1:57,30-06-14 2:13,2,4.8,-73.986923,40.7297,-73.93717,40.688502,16,928,18.62068966,1
291,30-06-14 1:01,30-06-14 1:10,2,1.6,-73.979663,40.677823,-73.959527,40.681934,8.5,570,10.10526316,1
292,30-06-14 2:11,30-06-14 2:15,2,0.5,-74.0042,40.742437,-73.99905,40.744909,4.5,215,8.372093023,2
293,30-06-14 0:57,30-06-14 1:03,1,1.5,-73.984893,40.748485,-73.974711,40.73641,7.5,381,14.17322835,0
294,30-06-14 2:04,30-06-14 2:28,1,15.9,-73.788532,40.641887,-73.961054,40.720836,43,1430,40.02797203,2
295,30-06-14 1:17,30-06-14 1:35,1,2.7,-74.006395,40.739347,-73.985057,40.71913,13.5,1056,9.204545455,1
296,30-06-14 0:06,30-06-14 0:22,1,4.8,-73.952953,40.776252,-74.002422,40.725053,16.5,948,18.2278481,0
297,30-06-14 5:02,30-06-14 5:19,2,3.9,-73.986647,40.761569,-73.95025,40.811333,16,983,14.28280773,5
298,30-06-14 5:56,30-06-14 5:59,1,0.6,-73.955073,40.779712,-73.96229,40.77512,4.5,154,14.02597403,5
299,30-06-14 6:26,30-06-14 6:31,1,1,-73.987408,40.779632,-73.986145,40.769877,5.5,299,12.04013378,6
300,30-06-14 7:04,30-06-14 7:07,1,1.1,-73.977965,40.745938,-73.972218,40.758505,5.5,213,18.5915493,7
301,30-06-14 15:27,30-06-14 15:33,1,1.2,-73.990361,40.757378,-74.005078,40.75167,6,343,12.59475219,15
302,30-06-14 5:56,30-06-14 6:21,1,11,-73.994698,40.76086,-73.861874,40.768424,32.5,1502,26.36484687,5
303,30-06-14 8:26,30-06-14 8:46,1,3.6,-73.968815,40.798678,-73.978334,40.75681,16,1211,10.70189926,8
304,30-06-14 5:19,30-06-14 5:38,1,9.8,-73.979245,40.781685,-73.865534,40.769464,28,1152,30.625,5
305,30-06-14 5:46,30-06-14 5:49,1,1.1,-73.97549,40.749535,-73.965547,40.764572,5,155,25.5483871,5
306,21-06-14 17:43,21-06-14 18:09,6,2,-73.966,40.7618,-73.99102,40.7555,16.5,1560,4.615384615,17
307,20-06-14 15:49,20-06-14 15:56,1,1.2,-73.98222,40.769187,-73.975698,40.78038,7,420,10.28571429,15
308,20-06-14 9:18,20-06-14 9:33,1,2.24,-73.949813,40.785507,-73.972317,40.760567,12,900,8.96,9
309,20-06-14 9:04,20-06-14 9:29,1,3.04,-73.94937,40.722667,-73.993795,40.720545,17,1500,7.296,9
310,20-06-14 9:18,20-06-14 9:27,2,1.25,-73.99057,40.74176,-73.97639,40.74933,7.5,540,8.333333333,9
311,20-06-14 9:10,20-06-14 9:31,1,6.27,-74.00778,40.70549,-73.98519,40.75635,22,1260,17.91428571,9
312,20-06-14 23:24,20-06-14 23:33,2,1.53,-73.989872,40.734172,-73.986642,40.751167,8.5,540,10.2,23
313,20-06-14 23:23,20-06-14 23:37,1,1.54,-73.989202,40.75785,-73.970818,40.751467,10,840,6.6,23
314,20-06-14 9:05,20-06-14 9:36,2,10.05,-73.974847,40.793077,-73.988942,40.6947,31,1860,19.4516129,9
315,20-06-14 9:22,20-06-14 9:36,1,1.05,-73.953705,40.775422,-73.963172,40.762337,9.5,840,4.5,9
316,20-06-14 23:21,20-06-14 23:34,1,3.12,-73.97516,40.757702,-74.000537,40.727392,12,780,14.4,23
317,16-06-14 16:34,16-06-14 16:50,1,4.39,-73.994332,40.75089,-73.965538,40.803747,15,960,16.4625,16
318,16-06-14 16:26,16-06-14 16:34,1,1.12,-73.979513,40.751367,-73.992165,40.747547,7.5,480,8.4,16
319,21-06-14 22:23,21-06-14 22:32,1,2.51,-73.96506,40.759482,-73.987203,40.728367,9.5,540,16.73333333,22
320,21-06-14 22:16,21-06-14 22:22,2,1.12,-73.927868,40.769787,-73.916222,40.780977,6.5,360,11.2,22
321,16-06-14 16:37,16-06-14 16:41,1,1.19,-73.994075,40.746147,-74.004542,40.732017,5.5,240,17.85,16
322,20-06-14 22:18,20-06-14 22:38,2,3.55,-74.00264,40.72897,-73.991767,40.768032,15,1200,10.65,22
323,20-06-14 0:13,20-06-14 0:16,1,0.6,-73.991533,40.769962,-73.985167,40.77376,4.5,180,12,0
324,20-06-14 0:03,20-06-14 0:18,1,5.28,-74.01505,40.71404,-73.98736,40.73249,17.5,900,21.12,0
325,20-06-14 13:45,20-06-14 14:14,1,5.97,-73.977447,40.758172,-74.006363,40.71108,24.5,1740,12.35172414,13
326,21-06-14 22:27,21-06-14 22:31,6,0.48,-73.99156,40.74982,-73.98871,40.74522,4.5,240,7.2,22
327,20-06-14 18:59,20-06-14 19:12,1,2.25,-73.974567,40.783425,-73.959357,40.763485,11,780,10.38461538,18
328,20-06-14 18:59,20-06-14 19:16,1,4.46,-74.015812,40.71506,-73.984375,40.723357,16,1020,15.74117647,18
329,19-06-14 21:29,19-06-14 21:36,1,1.63,-73.974283,40.791122,-73.964677,40.775562,8,420,13.97142857,21
330,20-06-14 19:22,20-06-14 19:41,1,10.37,-73.871155,40.773922,-73.973777,40.75638,29,1140,32.74736842,19
331,20-06-14 16:26,20-06-14 16:32,1,1.48,-73.967325,40.760635,-73.951302,40.772697,7,360,14.8,16
332,20-06-14 15:58,20-06-14 16:37,1,11.79,-73.862657,40.769187,-73.9789,40.761927,38,2340,18.13846154,15
333,20-06-14 16:38,20-06-14 16:43,2,0.7,-73.953737,40.767007,-73.963785,40.768297,5.5,300,8.4,16
334,20-06-14 10:40,20-06-14 11:28,6,18.74,-73.78385,40.648697,-74.002802,40.724782,52,2880,23.425,10
335,21-06-14 19:29,21-06-14 19:40,1,1.88,-73.979195,40.762215,-73.979295,40.785075,9.5,660,10.25454545,19
336,20-06-14 19:27,20-06-14 19:39,1,4.04,-73.991715,40.716357,-73.93397,40.711467,14.5,720,20.2,19
337,20-06-14 7:04,20-06-14 7:11,1,1.39,-74.002323,40.71979,-74.013425,40.716017,7,420,11.91428571,7
338,20-06-14 16:29,20-06-14 16:39,1,0.58,-74.004957,40.731927,-73.999392,40.7299,7.5,600,3.48,16
339,20-06-14 19:11,20-06-14 19:50,2,3.33,-73.981047,40.769127,-73.981013,40.769195,23.5,2340,5.123076923,19
340,19-06-14 21:23,19-06-14 21:42,1,3.53,-73.962908,40.71729,-73.961827,40.676212,15,1140,11.14736842,21
341,20-06-14 7:12,20-06-14 7:22,1,0.96,-73.98167,40.740807,-73.990998,40.74875,8,600,5.76,7
342,20-06-14 19:24,20-06-14 19:51,1,3.5,-73.99785,40.756492,-73.994152,40.720582,18,1620,7.777777778,19
343,20-06-14 16:34,20-06-14 16:36,1,0.49,-73.95741,40.78202,-73.96096,40.77755,4,120,14.7,16
344,21-06-14 19:37,21-06-14 19:41,1,0.17,-73.98008,40.743065,-73.981175,40.744542,4,240,2.55,19
345,19-06-14 21:37,19-06-14 21:44,1,0.96,-73.959987,40.773507,-73.96112,40.76325,6,420,8.228571429,21
346,21-06-14 19:31,21-06-14 19:38,1,1.31,-73.98491,40.723522,-73.99871,40.717207,6.5,420,11.22857143,19
347,20-06-14 16:29,20-06-14 16:39,6,2,-73.965737,40.800237,-73.952362,40.783062,9.5,600,12,16
348,19-06-14 21:37,19-06-14 21:40,1,0.79,-73.996702,40.74263,-74.006417,40.735787,4.5,180,15.8,21
349,21-06-14 19:26,21-06-14 19:43,1,3.25,-73.994585,40.764237,-73.99249,40.734497,14.5,1020,11.47058824,19
350,20-06-14 10:59,20-06-14 11:35,5,16.51,-73.991337,40.750007,-73.790367,40.643862,52,2160,27.51666667,10
351,20-06-14 23:14,20-06-14 23:21,1,1.09,-74.00402,40.75172,-73.997972,40.741997,6.5,420,9.342857143,23
352,20-06-14 20:05,20-06-14 20:12,1,1.61,-73.99263,40.744292,-73.975537,40.741817,7,420,13.8,20
353,20-06-14 20:06,20-06-14 20:12,2,1.18,-73.97715,40.774627,-73.97412,40.763675,6.5,360,11.8,20
354,20-06-14 20:04,20-06-14 20:12,1,0.78,-74.003882,40.737372,-73.99157,40.73543,6,480,5.85,20
355,20-06-14 14:53,20-06-14 15:05,4,1,-74.002327,40.755852,-73.993775,40.747402,9,720,5,14
356,20-06-14 18:03,20-06-14 18:18,1,1.72,-73.98972,40.7339,-73.99343,40.715342,11,900,6.88,18
357,21-06-14 21:17,21-06-14 21:26,4,0.98,-73.985355,40.723622,-74.00131,40.731055,7.5,540,6.533333333,21
358,20-06-14 12:41,20-06-14 12:47,1,0.7,-73.981562,40.746817,-73.974692,40.750955,6,360,7,12
359,20-06-14 18:09,20-06-14 18:16,3,1.01,-73.993545,40.745237,-73.987405,40.735925,6,420,8.657142857,18
360,24-06-14 16:40,24-06-14 16:53,1,1.87,-73.97749,40.756612,-73.960397,40.775717,10.5,780,8.630769231,16
361,16-06-14 14:55,16-06-14 15:02,1,1.28,-73.963167,40.77486,-73.948778,40.782985,7,420,10.97142857,14
362,20-06-14 20:58,20-06-14 21:23,1,4.14,-74.004092,40.74266,-73.964687,40.710437,19,1500,9.936,20
363,16-06-14 14:57,16-06-14 15:05,1,1.56,-73.972305,40.756542,-73.98796,40.740912,7.5,480,11.7,14
364,20-06-14 12:35,20-06-14 12:40,6,0.85,-73.951298,40.774322,-73.959243,40.781077,5.5,300,10.2,12
365,21-06-14 22:53,21-06-14 22:58,1,1.5,-73.971057,40.751077,-73.986772,40.736722,7,300,18,22
366,21-06-14 22:44,21-06-14 23:06,2,6.44,-74.01016,40.70525,-73.96819,40.75937,22.5,1320,17.56363636,22
367,16-06-14 16:58,16-06-14 17:13,2,5.56,-74.0132,40.71542,-73.98106,40.7845,18.5,900,22.24,16
368,20-06-14 14:56,20-06-14 15:05,1,1.25,-73.96861,40.75061,-73.97359,40.76282,7.5,540,8.333333333,14
369,20-06-14 14:49,20-06-14 15:08,1,4.29,-73.982365,40.774375,-73.95934,40.819467,16,1140,13.54736842,14
370,20-06-14 14:34,20-06-14 15:08,1,10.56,-73.885345,40.77309,-73.98501,40.763932,35,2040,18.63529412,14
371,16-06-14 17:10,16-06-14 17:17,4,0.72,-73.998672,40.719537,-73.99026,40.714152,6,420,6.171428571,17
372,20-06-14 14:38,20-06-14 15:11,1,6.89,-73.982057,40.752037,-73.993753,40.689342,26,1980,12.52727273,14
373,16-06-14 17:03,16-06-14 17:17,2,2.24,-73.991865,40.737825,-73.987885,40.762405,11,840,9.6,17
374,20-06-14 14:34,20-06-14 15:07,2,10.43,-73.966802,40.75318,-73.861247,40.767972,32,1980,18.96363636,14
375,16-06-14 16:26,16-06-14 17:13,1,14.68,-73.789965,40.643607,-73.763272,40.76109,44,2820,18.74042553,16
376,20-06-14 22:48,20-06-14 23:11,1,4.25,-74.004197,40.742427,-73.957042,40.774535,17.5,1380,11.08695652,22
377,20-06-14 23:08,20-06-14 23:18,1,1.84,-74.002545,40.73991,-73.985133,40.762957,9,600,11.04,23
378,16-06-14 17:02,16-06-14 17:15,5,1.65,-73.98872,40.73699,-73.975107,40.756647,10.5,780,7.615384615,17
379,20-06-14 19:51,20-06-14 19:56,1,1.07,-73.988215,40.749987,-73.997855,40.741122,6,300,12.84,19
380,16-06-14 17:07,16-06-14 17:19,2,2.38,-73.97385,40.75187,-73.95141,40.78253,11,720,11.9,17
381,20-06-14 15:03,20-06-14 15:10,6,1.21,-73.97267,40.78063,-73.97262,40.78066,7,420,10.37142857,15
382,20-06-14 14:52,20-06-14 15:14,1,2.78,-73.98941,40.75271,-73.96066,40.77836,14.5,1320,7.581818182,14
383,20-06-14 15:01,20-06-14 15:08,1,1.35,-73.95877,40.76403,-73.952427,40.778952,6.5,420,11.57142857,15
384,20-06-14 15:00,20-06-14 15:12,1,2.31,-73.974132,40.787285,-73.993235,40.771062,11,720,11.55,15
385,16-06-14 17:17,16-06-14 17:21,5,0.56,-73.994328,40.732193,-74.003325,40.7352,4.5,240,8.4,17
386,16-06-14 17:00,16-06-14 17:11,1,1.22,-73.974142,40.762627,-73.971752,40.75025,8.5,660,6.654545455,17
387,20-06-14 14:11,20-06-14 15:11,1,13.63,-74.004605,40.74065,-73.872715,40.774287,48.5,3600,13.63,14
388,20-06-14 19:34,20-06-14 19:58,2,4.02,-73.986677,40.76153,-73.999508,40.722777,17.5,1440,10.05,19
389,16-06-14 17:13,16-06-14 17:22,5,0.98,-73.971995,40.756957,-73.980855,40.744935,7,540,6.533333333,17
390,16-06-14 17:06,16-06-14 17:15,6,1.3,-73.972078,40.756222,-73.960247,40.770457,8,540,8.666666667,17
391,16-06-14 17:07,16-06-14 17:19,1,3.21,-73.988167,40.770895,-73.987612,40.74103,12,720,16.05,17
392,20-06-14 19:42,20-06-14 19:59,2,4.14,-74.015633,40.715512,-73.984662,40.753307,15.5,1020,14.61176471,19
393,20-06-14 19:47,20-06-14 20:04,1,1.75,-73.996315,40.738022,-73.98046,40.76009,11.5,1020,6.176470588,19
394,20-06-14 0:52,20-06-14 1:01,2,2.91,-73.970665,40.756535,-73.971568,40.787027,10.5,540,19.4,0
395,22-06-14 0:52,22-06-14 1:04,1,1.95,-73.994927,40.76049,-73.967242,40.76051,10,720,9.75,0
396,22-06-14 0:48,22-06-14 1:07,1,4.54,-74.009063,40.707047,-73.98279,40.762467,16,1140,14.33684211,0
397,16-06-14 19:07,16-06-14 19:14,1,1.46,-73.96674,40.761417,-73.950703,40.772355,7.5,420,12.51428571,19
398,20-06-14 7:39,20-06-14 7:42,1,0.62,-73.98075,40.753787,-73.988535,40.752772,4.5,180,12.4,7
399,20-06-14 7:37,20-06-14 7:44,1,0.65,-73.97251,40.756095,-73.980692,40.754447,6,420,5.571428571,7
400,16-06-14 18:53,16-06-14 19:14,5,4.23,-73.980277,40.738587,-73.98519,40.696977,17.5,1260,12.08571429,18
401,20-06-14 21:15,20-06-14 21:32,3,8.27,-73.87065,40.773605,-73.980287,40.750767,25,1020,29.18823529,21
402,20-06-14 0:01,20-06-14 0:12,1,1.06,-73.9779,40.762667,-73.990208,40.75687,8.5,660,5.781818182,0
403,20-06-14 21:09,20-06-14 21:22,2,4.29,-73.995005,40.75026,-73.963252,40.799402,14,780,19.8,21
404,20-06-14 16:15,20-06-14 17:02,6,6.43,-73.982227,40.776427,-73.99843,40.711972,32,2820,8.208510638,16
405,20-06-14 3:59,20-06-14 4:05,5,1.22,-74.005447,40.740747,-74.003882,40.727705,7,360,12.2,3
406,16-06-14 18:17,16-06-14 18:19,6,0.45,-73.98241,40.745425,-73.978748,40.750512,3.5,120,13.5,18
407,05-06-14 12:59,05-06-14 13:23,1,3.3,-73.968816,40.761842,-74.003142,40.733311,17,1489,7.978509066,12
408,20-06-14 4:03,20-06-14 4:10,1,3.38,-73.99143,40.759947,-74.009278,40.715337,11,420,28.97142857,4
409,16-06-14 18:13,16-06-14 18:20,4,1.36,-74.003098,40.740072,-73.996897,40.725532,7,420,11.65714286,18
410,16-06-14 17:54,16-06-14 18:13,1,4.02,-73.990172,40.737292,-73.979535,40.781887,16.5,1140,12.69473684,17
411,16-06-14 18:02,16-06-14 18:10,1,1.1,-74.006835,40.711722,-73.999818,40.723397,7.5,480,8.25,18
412,19-06-14 22:32,19-06-14 22:38,1,1.53,-73.971667,40.754707,-73.955677,40.768277,7,360,15.3,22
413,16-06-14 17:54,16-06-14 18:09,5,1.57,-74.006517,40.736862,-73.995597,40.727065,10,900,6.28,17
414,19-06-14 22:18,19-06-14 22:30,2,2.35,-73.992782,40.723445,-73.97197,40.747227,10.5,720,11.75,22
415,19-06-14 22:22,19-06-14 22:30,1,1.39,-73.981455,40.763357,-73.994142,40.746157,7.5,480,10.425,22
416,16-06-14 17:21,16-06-14 17:45,1,3.86,-74.010632,40.718862,-73.97658,40.755742,17.5,1440,9.65,17
417,16-06-14 17:03,16-06-14 17:45,1,8.98,-73.870782,40.773672,-73.972955,40.795375,34.5,2520,12.82857143,17
418,16-06-14 17:40,16-06-14 17:50,2,1.85,-73.956452,40.781267,-73.973718,40.759182,9,600,11.1,17
419,16-06-14 17:37,16-06-14 17:52,1,1.9,-73.970048,40.756242,-73.98873,40.73795,11,900,7.6,17
420,20-06-14 23:57,21-06-14 0:01,1,0.96,-73.995377,40.74978,-73.986882,40.761322,5.5,240,14.4,23
421,20-06-14 2:03,20-06-14 2:18,5,5.76,-73.991995,40.721917,-73.95646,40.777407,18.5,900,23.04,2
422,16-06-14 17:29,16-06-14 17:51,1,3.06,-73.989482,40.735812,-73.962252,40.773315,16.5,1320,8.345454545,17
423,16-06-14 17:32,16-06-14 17:53,2,5.57,-73.86273,40.768732,-73.920162,40.741247,19.5,1260,15.91428571,17
424,16-06-14 17:38,16-06-14 17:54,1,2.02,-73.998132,40.751352,-73.971185,40.755007,11.5,960,7.575,17
425,20-06-14 23:52,21-06-14 0:05,4,4.39,-73.938662,40.851022,-73.970407,40.798965,15,780,20.26153846,23
426,21-06-14 23:48,21-06-14 23:50,2,0.49,-73.958645,40.774937,-73.952042,40.772042,4,120,14.7,23
427,16-06-14 17:49,16-06-14 17:52,5,0.73,-73.975653,40.751367,-73.982072,40.74293,4.5,180,14.6,17
428,20-06-14 17:36,20-06-14 17:42,1,1.38,-73.956637,40.802692,-73.953925,40.78888,7,360,13.8,17
429,16-06-14 13:28,16-06-14 13:34,2,1.09,-74.001037,40.727457,-73.986372,40.72497,6.5,360,10.9,13
430,20-06-14 2:13,20-06-14 2:17,1,1,-74.003297,40.725247,-74.006322,40.7149,5,240,15,2
431,20-06-14 1:49,20-06-14 1:52,1,1.04,-73.97215,40.756975,-73.981342,40.744185,5.5,180,20.8,1
432,20-06-14 23:32,20-06-14 23:41,1,1.55,-73.990818,40.734052,-73.978037,40.748277,8.5,540,10.33333333,23
433,21-06-14 23:31,21-06-14 23:39,2,1.71,-73.993878,40.72469,-73.998195,40.741867,8,480,12.825,23
434,20-06-14 16:06,20-06-14 16:18,1,1.93,-73.97858,40.76267,-73.95694,40.77771,10,720,9.65,16
435,20-06-14 19:55,20-06-14 20:00,1,0.92,-73.982097,40.775492,-73.981232,40.765357,6,300,11.04,19
436,20-06-14 19:54,20-06-14 20:10,1,4.21,-73.96087,40.76089,-73.94551,40.76664,14.5,960,15.7875,19
437,20-06-14 23:13,20-06-14 23:21,2,1.26,-73.965092,40.714377,-73.94719,40.71131,7,480,9.45,23
438,16-06-14 17:18,16-06-14 17:27,1,2.33,-73.987553,40.72446,-73.966622,40.753292,9.5,540,15.53333333,17
439,20-06-14 22:28,20-06-14 22:37,1,2.77,-73.9745,40.7511,-73.948405,40.782382,10,540,18.46666667,22
440,20-06-14 19:03,20-06-14 19:15,1,1.56,-73.98992,40.775962,-74.001745,40.762017,9,720,7.8,19
441,20-06-14 22:21,20-06-14 22:35,3,3.25,-73.991405,40.749837,-73.97581,40.786497,13,840,13.92857143,22
442,20-06-14 22:23,20-06-14 22:30,5,0.85,-74.00531,40.709145,-74.014863,40.714037,6.5,420,7.285714286,22
443,19-06-14 23:49,20-06-14 0:02,1,1.27,-73.978202,40.76458,-73.984265,40.749237,9.5,780,5.861538462,23
444,16-06-14 16:28,16-06-14 16:53,5,3.65,-73.956372,40.76727,-73.993715,40.751497,17.5,1500,8.76,16
445,16-06-14 16:46,16-06-14 16:53,1,0.96,-73.99423,40.73205,-73.98552,40.74145,6.5,420,8.228571429,16
446,19-06-14 23:56,20-06-14 0:04,1,1.39,-73.975235,40.765007,-73.97445,40.751537,7,480,10.425,23
447,20-06-14 22:25,20-06-14 22:35,1,1.83,-74.001565,40.746117,-73.987487,40.730067,8.5,600,10.98,22
448,20-06-14 9:14,20-06-14 9:22,1,1.49,-74.00188,40.750862,-73.990857,40.76847,7.5,480,11.175,9
449,20-06-14 22:22,20-06-14 22:31,5,1.67,-73.973765,40.744898,-73.967508,40.757667,8.5,540,11.13333333,22
450,20-06-14 21:53,20-06-14 22:31,1,10.98,-73.976328,40.775762,-73.843542,40.70016,37,2280,17.33684211,21
451,20-06-14 8:26,20-06-14 9:11,1,7.83,-73.885298,40.773052,-73.977917,40.742002,32.5,2700,10.44,8
452,20-06-14 0:10,20-06-14 0:16,1,0.92,-73.978585,40.753167,-73.991075,40.753282,5.5,360,9.2,0
453,20-06-14 0:03,20-06-14 0:09,2,0.99,-73.987878,40.740847,-73.979863,40.74646,6,360,9.9,0
454,20-06-14 0:02,20-06-14 0:07,1,0.83,-73.980938,40.748167,-73.988482,40.737375,5.5,300,9.96,0
455,21-06-14 22:19,21-06-14 22:32,1,2.25,-73.978915,40.78236,-73.995082,40.754447,10.5,780,10.38461538,22
456,20-06-14 14:08,20-06-14 14:20,1,1.65,-73.964702,40.755987,-73.949742,40.776362,9,720,8.25,14
457,21-06-14 22:11,21-06-14 22:34,1,8.66,-73.94924,40.77699,-73.958,40.71394,27,1380,22.59130435,22
458,21-06-14 22:14,21-06-14 22:35,1,4.28,-73.995982,40.743532,-73.972882,40.792997,17.5,1260,12.22857143,22
459,20-06-14 18:57,20-06-14 19:07,1,2.04,-73.970327,40.788997,-73.980687,40.763435,9.5,600,12.24,18
460,20-06-14 16:38,20-06-14 16:42,1,0.58,-73.966733,40.764137,-73.973085,40.759202,5,240,8.7,16
461,20-06-14 19:40,20-06-14 19:48,1,1.19,-73.989372,40.730352,-73.997287,40.721707,7.5,480,8.925,19
462,20-06-14 19:43,20-06-14 19:49,2,0.62,-73.981835,40.724547,-73.98718,40.736722,5.5,360,6.2,19
463,20-06-14 19:44,20-06-14 19:51,6,1.34,-73.999215,40.726662,-74.005317,40.740107,7,420,11.48571429,19
464,16-06-14 12:50,16-06-14 12:54,2,0.6,-74.000597,40.732107,-73.994148,40.736222,5,240,9,12
465,20-06-14 6:59,20-06-14 7:13,1,2.78,-73.964722,40.710472,-73.99188,40.726022,12.5,840,11.91428571,6
466,19-06-14 21:30,19-06-14 21:41,1,1.25,-73.972067,40.750655,-73.98711,40.760762,8.5,660,6.818181818,21
467,19-06-14 21:33,19-06-14 21:42,1,0.76,-73.996492,40.756795,-73.990572,40.760067,7,540,5.066666667,21
468,16-06-14 12:44,16-06-14 12:59,1,2.49,-73.998398,40.719767,-73.975587,40.749207,11.5,900,9.96,12
469,20-06-14 16:33,20-06-14 16:40,6,1,-73.992362,40.761705,-73.981905,40.768615,6.5,420,8.571428571,16
470,19-06-14 21:39,19-06-14 21:45,1,0.71,-73.973122,40.764082,-73.965988,40.758377,6,360,7.1,21
471,19-06-14 21:31,19-06-14 21:45,3,2.48,-73.967887,40.758735,-74.00347,40.759262,11.5,840,10.62857143,21
472,20-06-14 7:03,20-06-14 7:08,1,0.72,-73.95683,40.766902,-73.96013,40.773192,5.5,300,8.64,7
473,20-06-14 11:22,20-06-14 11:32,6,0.64,-74.0026,40.734057,-74.001302,40.74177,7,600,3.84,11
474,20-06-14 23:24,20-06-14 23:37,5,2.48,-73.99275,40.733972,-73.968682,40.757267,11,780,11.44615385,23
475,20-06-14 23:23,20-06-14 23:38,2,3.09,-73.98583,40.73527,-73.9609,40.77409,13,900,12.36,23
476,20-06-14 23:31,20-06-14 23:45,1,2.37,-73.973917,40.74739,-73.989982,40.766455,11,840,10.15714286,23
477,21-06-14 17:59,21-06-14 18:12,1,1.06,-73.991005,40.750717,-73.985157,40.758065,9,780,4.892307692,17
478,19-06-14 19:59,19-06-14 20:32,1,18.19,-73.782017,40.644037,-73.963485,40.686962,51,1980,33.07272727,19
479,21-06-14 18:02,21-06-14 18:12,2,1.78,-74.005085,40.72267,-74.00415,40.74273,9,600,10.68,18
480,16-06-14 10:33,16-06-14 10:53,1,2.17,-74.00063,40.74624,-73.981825,40.758062,13.5,1200,6.51,10
481,20-06-14 15:11,20-06-14 15:18,5,1.21,-73.988642,40.742807,-73.986312,40.730422,7,420,10.37142857,15
482,19-06-14 20:27,19-06-14 20:32,2,0.93,-73.96312,40.762582,-73.957937,40.768655,5.5,300,11.16,20
483,20-06-14 15:09,20-06-14 15:17,1,1.44,-73.997118,40.742262,-73.990672,40.728625,7.5,480,10.8,15
484,20-06-14 15:06,20-06-14 15:22,1,2.59,-73.981185,40.754962,-73.95942,40.782905,12.5,960,9.7125,15
485,20-06-14 15:23,20-06-14 15:25,1,0.93,-73.96191,40.767922,-73.954772,40.777615,4.5,120,27.9,15
486,20-06-14 15:07,20-06-14 15:25,1,1.48,-73.99008,40.757727,-73.976365,40.744235,11.5,1080,4.933333333,15
487,16-06-14 10:42,16-06-14 10:49,1,0.97,-73.961192,40.774627,-73.970717,40.765102,6.5,420,8.314285714,10
488,21-06-14 18:04,21-06-14 18:16,1,2.33,-73.976307,40.756512,-73.991475,40.731717,10.5,720,11.65,18
489,20-06-14 15:09,20-06-14 15:21,2,1.06,-73.96068,40.769457,-73.970817,40.761132,9,720,5.3,15
490,20-06-14 15:14,20-06-14 15:19,1,1.32,-73.959163,40.7803,-73.97994,40.789632,6.5,300,15.84,15
491,20-06-14 15:18,20-06-14 15:23,1,0.66,-73.958378,40.783177,-73.952565,40.778097,5.5,300,7.92,15
492,20-06-14 2:55,20-06-14 3:00,1,1.22,-73.989622,40.723335,-73.999325,40.733862,6,300,14.64,2
493,20-06-14 18:13,20-06-14 18:32,1,1.31,-74.007672,40.74084,-73.994652,40.75055,12,1140,4.136842105,18
494,20-06-14 18:28,20-06-14 18:41,1,1.92,-74.006325,40.73962,-73.983667,40.726862,10,780,8.861538462,18
495,20-06-14 18:34,20-06-14 18:41,1,2.01,-73.97851,40.777242,-73.95422,40.782272,8,420,17.22857143,18
496,21-06-14 21:17,21-06-14 21:20,4,0.52,-73.897335,40.75441,-73.907007,40.753467,4.5,180,10.4,21
497,19-06-14 22:43,19-06-14 23:04,1,3.01,-73.953165,40.782727,-73.983082,40.750667,15.5,1260,8.6,22
498,20-06-14 12:09,20-06-14 12:37,5,4.13,-73.94436,40.77551,-73.989992,40.738372,20,1680,8.85,12
499,19-06-14 22:54,19-06-14 23:07,5,2.16,-73.950433,40.775705,-73.958742,40.779997,8.5,780,9.969230769,22
500,20-06-14 20:54,20-06-14 21:06,1,3.7,-73.97486,40.750427,-73.956277,40.723377,13,720,18.5,20
